time,open,high,low,close,volume
2023-10-20 15:12,3.737,3.737,3.735,3.736,1784.0
2023-10-20 15:13,3.736,3.736,3.736,3.736,3.0
2023-10-20 15:14,3.736,3.736,3.736,3.736,78.0
2023-10-20 15:15,3.735,3.738,3.735,3.737,3494.0
2023-10-20 15:16,3.737,3.737,3.735,3.735,1774.0
2023-10-20 15:17,3.735,3.735,3.734,3.734,3672.0
2023-10-20 15:18,3.735,3.735,3.734,3.735,218.0
2023-10-20 15:19,3.734,3.734,3.732,3.732,2631.0
2023-10-20 15:20,3.731,3.735,3.731,3.732,2469.0
2023-10-20 15:21,3.732,3.732,3.73,3.73,2817.0
2023-10-20 15:22,3.73,3.731,3.73,3.731,963.0
2023-10-20 15:23,3.731,3.734,3.731,3.732,42238.0
2023-10-20 15:24,3.733,3.733,3.733,3.733,1162.0
2023-10-20 15:25,3.734,3.737,3.733,3.737,35237.0
2023-10-20 15:26,3.737,3.737,3.736,3.736,756.0
2023-10-20 15:27,3.737,3.738,3.736,3.736,4276.0
2023-10-20 15:28,3.734,3.734,3.732,3.732,14929.0
2023-10-20 15:29,3.733,3.733,3.729,3.729,2921.0
2023-10-20 15:30,3.73,3.731,3.725,3.726,37228.0
2023-10-20 15:31,3.726,3.726,3.719,3.721,44340.0
2023-10-20 15:32,3.721,3.723,3.718,3.719,30712.0
2023-10-20 15:33,3.719,3.72,3.718,3.718,6663.0
2023-10-20 15:34,3.719,3.72,3.718,3.718,9329.0
2023-10-20 15:35,3.717,3.719,3.716,3.716,5528.0
2023-10-20 15:36,3.717,3.717,3.715,3.716,11677.0
2023-10-20 15:37,3.716,3.716,3.715,3.716,2176.0
2023-10-20 15:38,3.716,3.716,3.713,3.715,8971.0
2023-10-20 15:39,3.714,3.715,3.712,3.714,3107.0
2023-10-20 15:40,3.713,3.713,3.712,3.713,13579.0
2023-10-20 15:41,3.712,3.712,3.711,3.711,2043.0
2023-10-20 15:42,3.711,3.712,3.71,3.711,17358.0
2023-10-20 15:43,3.711,3.712,3.711,3.711,3323.0
2023-10-20 15:44,3.71,3.71,3.702,3.702,156069.0
2023-10-20 15:45,3.703,3.706,3.701,3.706,22593.0
2023-10-20 15:46,3.706,3.707,3.697,3.698,178414.0
2023-10-20 15:47,3.697,3.704,3.696,3.703,11939.0
2023-10-20 15:48,3.703,3.706,3.703,3.706,3711.0
2023-10-20 15:49,3.706,3.706,3.706,3.706,7638.0
2023-10-20 15:50,3.706,3.708,3.706,3.707,4678.0
2023-10-20 15:51,3.707,3.709,3.707,3.709,4432.0
2023-10-20 15:52,3.709,3.71,3.709,3.709,5220.0
2023-10-20 15:53,3.71,3.712,3.71,3.712,1567.0
2023-10-20 15:54,3.712,3.713,3.709,3.709,11029.0
2023-10-20 15:55,3.71,3.712,3.709,3.709,4238.0
2023-10-20 15:56,3.71,3.71,3.709,3.71,2825.0
2023-10-20 15:57,3.711,3.711,3.711,3.711,372.0
2023-10-20 15:58,3.712,3.712,3.711,3.712,161.0
2023-10-20 15:59,3.712,3.712,3.711,3.712,580.0
2023-10-20 16:00,3.712,3.713,3.71,3.713,6272.0
2023-10-20 16:01,3.714,3.714,3.709,3.709,11042.0
2023-10-20 16:02,3.71,3.71,3.707,3.707,7328.0
2023-10-20 16:03,3.707,3.71,3.706,3.709,2079.0
2023-10-20 16:04,3.71,3.711,3.71,3.711,3793.0
2023-10-20 16:05,3.711,3.711,3.711,3.711,7.0
2023-10-20 16:06,3.71,3.71,3.707,3.707,6757.0
2023-10-20 16:07,3.707,3.707,3.703,3.703,2939.0
2023-10-20 16:08,3.704,3.704,3.702,3.703,6208.0
2023-10-20 16:09,3.703,3.704,3.701,3.701,4063.0
2023-10-20 16:10,3.701,3.701,3.701,3.701,1339.0
2023-10-20 16:11,3.701,3.701,3.699,3.699,3042.0
2023-10-20 16:12,3.7,3.7,3.698,3.698,6713.0
2023-10-20 16:13,3.698,3.698,3.697,3.698,256.0
2023-10-20 16:14,3.698,3.698,3.695,3.696,4480.0
2023-10-20 16:15,3.695,3.696,3.693,3.696,13623.0
2023-10-20 16:16,3.696,3.696,3.696,3.696,8.0
2023-10-20 16:17,3.696,3.696,3.694,3.694,1141.0
2023-10-20 16:18,3.695,3.695,3.693,3.694,3946.0
2023-10-20 16:19,3.694,3.697,3.694,3.697,9097.0
2023-10-20 16:20,3.698,3.699,3.697,3.699,6411.0
2023-10-20 16:21,3.7,3.701,3.7,3.701,8542.0
2023-10-20 16:22,3.702,3.702,3.701,3.702,4714.0
2023-10-20 16:23,3.703,3.705,3.703,3.704,4323.0
2023-10-20 16:24,3.705,3.708,3.705,3.707,2878.0
2023-10-20 16:25,3.707,3.708,3.706,3.707,1088.0
2023-10-20 16:26,3.707,3.707,3.697,3.703,182557.0
2023-10-20 16:27,3.703,3.703,3.7,3.702,14749.0
2023-10-20 16:28,3.702,3.703,3.701,3.701,6819.0
2023-10-20 16:29,3.701,3.702,3.701,3.701,3213.0
2023-10-20 16:30,3.7,3.702,3.7,3.701,2154.0
2023-10-20 16:31,3.701,3.703,3.701,3.702,5392.0
2023-10-20 16:32,3.701,3.701,3.701,3.701,434.0
2023-10-20 16:33,3.7,3.7,3.698,3.698,2167.0
2023-10-20 16:34,3.698,3.699,3.698,3.699,2648.0
2023-10-20 16:35,3.7,3.7,3.697,3.697,8071.0
2023-10-20 16:36,3.697,3.699,3.697,3.698,3717.0
2023-10-20 16:37,3.699,3.699,3.696,3.696,4952.0
2023-10-20 16:38,3.696,3.696,3.693,3.694,2183.0
2023-10-20 16:39,3.694,3.696,3.693,3.693,1213.0
2023-10-20 16:40,3.694,3.694,3.692,3.693,4039.0
2023-10-20 16:41,3.693,3.693,3.69,3.69,1502.0
2023-10-20 16:42,3.69,3.693,3.69,3.693,5953.0
2023-10-20 16:43,3.693,3.693,3.692,3.692,6889.0
2023-10-20 16:44,3.691,3.692,3.691,3.691,1304.0
2023-10-20 16:45,3.691,3.694,3.691,3.693,3408.0
2023-10-20 16:46,3.692,3.692,3.691,3.691,2746.0
2023-10-20 16:47,3.69,3.69,3.69,3.69,6783.0
2023-10-20 16:48,3.689,3.689,3.686,3.688,73804.0
2023-10-20 16:49,3.688,3.689,3.686,3.686,1372.0
2023-10-20 16:50,3.686,3.688,3.684,3.688,13735.0
2023-10-20 16:51,3.688,3.688,3.686,3.686,3483.0
2023-10-20 16:52,3.686,3.688,3.686,3.687,6689.0
2023-10-20 16:53,3.687,3.688,3.686,3.686,2547.0
2023-10-20 16:54,3.686,3.686,3.686,3.686,748.0
2023-10-20 16:55,3.686,3.686,3.686,3.686,1476.0
2023-10-20 16:56,3.686,3.687,3.686,3.687,289.0
2023-10-20 16:57,3.688,3.692,3.688,3.692,2184.0
2023-10-20 16:58,3.692,3.693,3.692,3.692,3292.0
2023-10-20 16:59,3.692,3.692,3.692,3.692,534.0
2023-10-20 17:00,3.691,3.694,3.691,3.693,2518.0
2023-10-20 17:01,3.693,3.694,3.692,3.692,2499.0
2023-10-20 17:02,3.692,3.693,3.688,3.688,9338.0
2023-10-20 17:03,3.688,3.688,3.686,3.686,1730.0
2023-10-20 17:04,3.686,3.686,3.683,3.683,3593.0
2023-10-20 17:05,3.684,3.686,3.68,3.682,76427.0
2023-10-20 17:06,3.681,3.685,3.681,3.683,3380.0
2023-10-20 17:07,3.683,3.684,3.683,3.683,5019.0
2023-10-20 17:08,3.683,3.683,3.681,3.682,8896.0
2023-10-20 17:09,3.682,3.682,3.673,3.676,33290.0
2023-10-20 17:10,3.677,3.679,3.676,3.678,3393.0
2023-10-20 17:11,3.679,3.683,3.679,3.681,3653.0
2023-10-20 17:12,3.681,3.684,3.681,3.683,2075.0
2023-10-20 17:13,3.684,3.686,3.684,3.685,1910.0
2023-10-20 17:14,3.685,3.685,3.679,3.679,6549.0
2023-10-20 17:15,3.679,3.681,3.679,3.681,1784.0
2023-10-20 17:16,3.682,3.683,3.682,3.683,961.0
2023-10-20 17:17,3.684,3.685,3.683,3.684,1852.0
2023-10-20 17:18,3.685,3.687,3.685,3.687,380.0
2023-10-20 17:19,3.687,3.689,3.686,3.689,1130.0
2023-10-20 17:20,3.689,3.689,3.687,3.687,2130.0
2023-10-20 17:21,3.688,3.691,3.688,3.691,2457.0
2023-10-20 17:22,3.691,3.691,3.691,3.691,182.0
2023-10-20 17:23,3.692,3.692,3.69,3.69,557.0
2023-10-20 17:24,3.69,3.69,3.689,3.69,1338.0
2023-10-20 17:25,3.69,3.69,3.689,3.689,1296.0
2023-10-20 17:26,3.688,3.688,3.688,3.688,871.0
2023-10-20 17:27,3.687,3.688,3.687,3.688,729.0
2023-10-20 17:28,3.69,3.691,3.69,3.69,885.0
2023-10-20 17:29,3.692,3.694,3.692,3.694,211.0
2023-10-20 17:30,3.694,3.696,3.694,3.696,1512.0
2023-10-20 17:31,3.695,3.698,3.693,3.694,2434.0
2023-10-20 17:32,3.695,3.695,3.695,3.695,630.0
2023-10-20 17:33,3.696,3.697,3.696,3.697,524.0
2023-10-20 17:34,3.696,3.696,3.695,3.696,1183.0
2023-10-20 17:35,3.696,3.696,3.693,3.693,90026.0
2023-10-20 17:36,3.693,3.693,3.693,3.693,332.0
2023-10-20 17:37,3.694,3.703,3.693,3.699,50797.0
2023-10-20 17:38,3.699,3.703,3.699,3.702,19224.0
2023-10-20 17:39,3.703,3.706,3.702,3.702,48119.0
2023-10-20 17:40,3.702,3.711,3.697,3.697,107863.0
2023-10-20 17:41,3.696,3.7,3.696,3.7,10897.0
2023-10-20 17:42,3.701,3.706,3.701,3.705,2643.0
2023-10-20 17:43,3.705,3.707,3.705,3.707,13443.0
2023-10-20 17:44,3.706,3.71,3.705,3.71,6267.0
2023-10-20 17:45,3.71,3.71,3.708,3.708,4206.0
2023-10-20 17:46,3.708,3.708,3.707,3.707,2358.0
2023-10-20 17:47,3.708,3.71,3.708,3.709,5979.0
2023-10-20 17:48,3.709,3.711,3.709,3.711,3106.0
2023-10-20 17:49,3.711,3.713,3.711,3.713,1187.0
2023-10-20 17:50,3.713,3.713,3.712,3.713,2070.0
2023-10-20 17:51,3.714,3.715,3.711,3.711,9520.0
2023-10-20 17:52,3.711,3.711,3.704,3.705,107895.0
2023-10-20 17:53,3.704,3.705,3.704,3.705,1803.0
2023-10-20 17:54,3.704,3.709,3.704,3.707,19952.0
2023-10-20 17:55,3.707,3.708,3.706,3.708,2127.0
2023-10-20 17:56,3.707,3.707,3.706,3.706,4723.0
2023-10-20 17:57,3.705,3.706,3.705,3.705,10713.0
2023-10-20 17:58,3.705,3.707,3.705,3.706,806.0
2023-10-20 17:59,3.706,3.707,3.706,3.707,202.0
2023-10-20 18:00,3.706,3.709,3.706,3.709,8204.0
2023-10-20 18:01,3.708,3.709,3.707,3.708,5627.0
2023-10-20 18:02,3.708,3.709,3.706,3.706,8597.0
2023-10-20 18:03,3.706,3.71,3.706,3.71,3167.0
2023-10-20 18:04,3.709,3.711,3.709,3.711,959.0
2023-10-20 18:05,3.71,3.711,3.709,3.709,4937.0
2023-10-20 18:06,3.709,3.709,3.708,3.708,2710.0
2023-10-20 18:07,3.709,3.709,3.709,3.709,194.0
2023-10-20 18:08,3.708,3.708,3.705,3.705,7868.0
2023-10-20 18:09,3.705,3.705,3.705,3.705,0.0
2023-10-20 18:10,3.705,3.705,3.704,3.704,769.0
2023-10-20 18:11,3.704,3.704,3.703,3.703,2761.0
2023-10-20 18:12,3.703,3.703,3.701,3.701,2602.0
2023-10-20 18:13,3.701,3.701,3.701,3.701,2.0
2023-10-20 18:14,3.701,3.702,3.701,3.702,915.0
2023-10-20 18:15,3.701,3.702,3.701,3.702,163.0
2023-10-20 18:16,3.702,3.702,3.701,3.701,47.0
2023-10-20 18:17,3.701,3.701,3.7,3.7,2056.0
2023-10-20 18:18,3.7,3.7,3.7,3.7,767.0
2023-10-20 18:19,3.7,3.701,3.7,3.7,1944.0
2023-10-20 18:20,3.7,3.702,3.7,3.702,1613.0
2023-10-20 18:21,3.701,3.704,3.701,3.704,624.0
2023-10-20 18:22,3.703,3.704,3.703,3.704,252.0
2023-10-20 18:23,3.704,3.704,3.704,3.704,341.0
2023-10-20 18:24,3.703,3.705,3.703,3.705,2498.0
2023-10-20 18:25,3.705,3.705,3.704,3.705,144.0
2023-10-20 18:26,3.705,3.705,3.704,3.704,1483.0
2023-10-20 18:27,3.704,3.705,3.704,3.705,645.0
2023-10-20 18:28,3.704,3.708,3.704,3.708,2163.0
2023-10-20 18:29,3.708,3.71,3.708,3.709,3259.0
2023-10-20 18:30,3.708,3.71,3.708,3.708,4564.0
2023-10-20 18:31,3.709,3.71,3.708,3.708,2009.0
2023-10-20 18:32,3.709,3.71,3.709,3.709,1894.0
2023-10-20 18:33,3.709,3.71,3.709,3.71,326.0
2023-10-20 18:34,3.71,3.71,3.709,3.71,7.0
2023-10-20 18:35,3.709,3.71,3.708,3.709,1490.0
2023-10-20 18:36,3.709,3.709,3.709,3.709,1850.0
2023-10-20 18:37,3.709,3.709,3.708,3.708,5365.0
2023-10-20 18:38,3.707,3.707,3.707,3.707,1.0
2023-10-20 18:39,3.707,3.708,3.707,3.708,654.0
2023-10-20 18:40,3.707,3.708,3.707,3.708,4.0
2023-10-20 18:41,3.707,3.707,3.705,3.705,15907.0
2023-10-20 18:42,3.706,3.706,3.705,3.706,589.0
2023-10-20 18:43,3.706,3.706,3.705,3.706,1768.0
2023-10-20 18:44,3.707,3.707,3.706,3.707,276.0
2023-10-20 18:45,3.708,3.708,3.707,3.708,25.0
2023-10-20 18:46,3.708,3.708,3.706,3.706,10265.0
2023-10-20 18:47,3.707,3.707,3.707,3.707,104.0
2023-10-20 18:48,3.707,3.707,3.706,3.706,19.0
2023-10-20 18:49,3.707,3.707,3.707,3.707,138.0
2023-10-20 18:50,3.707,3.707,3.706,3.706,119.0
2023-10-20 18:51,3.707,3.707,3.706,3.707,1168.0
2023-10-20 18:52,3.707,3.708,3.707,3.708,293.0
2023-10-20 18:53,3.708,3.708,3.708,3.708,8.0
2023-10-20 18:54,3.708,3.708,3.707,3.707,3112.0
2023-10-20 18:55,3.706,3.706,3.706,3.706,2.0
2023-10-20 18:56,3.706,3.707,3.706,3.707,3.0
2023-10-20 18:57,3.707,3.707,3.705,3.705,1604.0
2023-10-20 18:58,3.704,3.704,3.704,3.704,1843.0
2023-10-20 18:59,3.703,3.704,3.703,3.703,381.0
2023-10-20 19:00,3.703,3.705,3.703,3.705,953.0
2023-10-20 19:01,3.705,3.706,3.705,3.706,1131.0
2023-10-20 19:02,3.706,3.709,3.706,3.707,3673.0
2023-10-20 19:03,3.708,3.708,3.708,3.708,3.0
2023-10-20 19:04,3.708,3.708,3.708,3.708,431.0
2023-10-20 19:05,3.708,3.709,3.708,3.708,740.0
2023-10-20 19:06,3.709,3.709,3.708,3.708,3249.0
2023-10-20 19:07,3.708,3.71,3.708,3.71,1777.0
2023-10-20 19:08,3.71,3.71,3.71,3.71,1.0
2023-10-20 19:09,3.71,3.71,3.709,3.709,6.0
2023-10-20 19:10,3.709,3.711,3.709,3.711,777.0
2023-10-20 19:11,3.711,3.712,3.711,3.712,1312.0
2023-10-20 19:12,3.712,3.713,3.712,3.712,6296.0
2023-10-20 19:13,3.712,3.712,3.708,3.708,5144.0
2023-10-20 19:14,3.707,3.707,3.707,3.707,3.0
2023-10-20 19:15,3.707,3.71,3.707,3.709,2383.0
2023-10-20 19:16,3.71,3.71,3.707,3.707,1271.0
2023-10-20 19:17,3.708,3.708,3.706,3.706,2058.0
2023-10-20 19:18,3.705,3.706,3.704,3.704,2051.0
2023-10-20 19:19,3.704,3.709,3.704,3.709,1161.0
2023-10-20 19:20,3.709,3.709,3.708,3.708,566.0
2023-10-20 19:21,3.707,3.707,3.705,3.705,1002.0
2023-10-20 19:22,3.705,3.705,3.703,3.703,1721.0
2023-10-20 19:23,3.702,3.702,3.702,3.702,804.0
2023-10-20 19:24,3.701,3.701,3.701,3.701,6.0
2023-10-20 19:25,3.701,3.702,3.701,3.702,956.0
2023-10-20 19:26,3.701,3.701,3.701,3.701,169.0
2023-10-20 19:27,3.701,3.702,3.701,3.702,1186.0
2023-10-20 19:28,3.702,3.704,3.702,3.704,1646.0
2023-10-20 19:29,3.703,3.703,3.703,3.703,494.0
2023-10-20 19:30,3.702,3.705,3.702,3.703,780.0
2023-10-20 19:31,3.704,3.704,3.704,3.704,177.0
2023-10-20 19:32,3.705,3.705,3.703,3.703,2882.0
2023-10-20 19:33,3.703,3.703,3.703,3.703,0.0
2023-10-20 19:34,3.703,3.703,3.702,3.702,5.0
2023-10-20 19:35,3.703,3.704,3.703,3.703,616.0
2023-10-20 19:36,3.704,3.706,3.704,3.705,2235.0
2023-10-20 19:37,3.704,3.705,3.704,3.705,75.0
2023-10-20 19:38,3.705,3.705,3.705,3.705,4.0
2023-10-20 19:39,3.705,3.705,3.704,3.704,5.0
2023-10-20 19:40,3.704,3.704,3.702,3.702,4054.0
2023-10-20 19:41,3.701,3.701,3.7,3.7,1310.0
2023-10-20 19:42,3.7,3.701,3.7,3.7,50.0
2023-10-20 19:43,3.701,3.701,3.699,3.699,709.0
2023-10-20 19:44,3.698,3.699,3.697,3.698,202.0
2023-10-20 19:45,3.698,3.698,3.697,3.697,14.0
2023-10-20 19:46,3.698,3.699,3.698,3.698,3066.0
2023-10-20 19:47,3.699,3.7,3.699,3.7,551.0
2023-10-20 19:48,3.7,3.703,3.7,3.702,744.0
2023-10-20 19:49,3.703,3.703,3.703,3.703,5695.0
2023-10-20 19:50,3.702,3.702,3.702,3.702,2.0
2023-10-20 19:51,3.702,3.705,3.702,3.705,1347.0
2023-10-20 19:52,3.705,3.707,3.704,3.707,528.0
2023-10-20 19:53,3.707,3.707,3.707,3.707,18.0
2023-10-20 19:54,3.708,3.709,3.708,3.709,18.0
2023-10-20 19:55,3.709,3.709,3.708,3.709,3342.0
2023-10-20 19:56,3.709,3.709,3.709,3.709,229.0
2023-10-20 19:57,3.709,3.711,3.709,3.709,5336.0
2023-10-20 19:58,3.709,3.711,3.709,3.711,477.0
2023-10-20 19:59,3.711,3.712,3.711,3.712,625.0
2023-10-20 20:00,3.712,3.712,3.711,3.711,4027.0
2023-10-20 20:01,3.71,3.71,3.706,3.707,12369.0
2023-10-20 20:02,3.707,3.709,3.707,3.709,913.0
2023-10-20 20:03,3.71,3.71,3.71,3.71,624.0
2023-10-20 20:04,3.711,3.711,3.711,3.711,42.0
2023-10-20 20:05,3.712,3.712,3.711,3.711,2843.0
2023-10-20 20:06,3.712,3.712,3.712,3.712,237.0
2023-10-20 20:07,3.713,3.713,3.713,3.713,50.0
2023-10-20 20:08,3.713,3.713,3.713,3.713,4.0
2023-10-20 20:09,3.713,3.713,3.712,3.713,1457.0
2023-10-20 20:10,3.712,3.712,3.712,3.712,5704.0
2023-10-20 20:11,3.711,3.711,3.711,3.711,4.0
2023-10-20 20:12,3.712,3.713,3.712,3.713,667.0
2023-10-20 20:13,3.714,3.714,3.714,3.714,142.0
2023-10-20 20:14,3.715,3.716,3.715,3.716,4454.0
2023-10-20 20:15,3.716,3.716,3.715,3.715,380.0
2023-10-20 20:16,3.716,3.717,3.716,3.717,828.0
2023-10-20 20:17,3.717,3.717,3.716,3.717,191.0
2023-10-20 20:18,3.717,3.717,3.715,3.715,487.0
2023-10-20 20:19,3.716,3.717,3.716,3.717,466.0
2023-10-20 20:20,3.716,3.719,3.715,3.715,7417.0
2023-10-20 20:21,3.716,3.717,3.715,3.716,3245.0
2023-10-20 20:22,3.717,3.717,3.717,3.717,714.0
2023-10-20 20:23,3.718,3.719,3.718,3.719,1095.0
2023-10-20 20:24,3.719,3.719,3.719,3.719,3.0
2023-10-20 20:25,3.719,3.719,3.718,3.718,2239.0
2023-10-20 20:26,3.717,3.717,3.715,3.715,3608.0
2023-10-20 20:27,3.715,3.715,3.715,3.715,0.0
2023-10-20 20:28,3.715,3.716,3.714,3.715,10358.0
2023-10-20 20:29,3.715,3.719,3.715,3.717,45130.0
2023-10-20 20:30,3.716,3.716,3.716,3.716,21.0
2023-10-20 20:31,3.716,3.716,3.716,3.716,2062.0
2023-10-20 20:32,3.715,3.715,3.714,3.715,4537.0
2023-10-20 20:33,3.715,3.715,3.715,3.715,1.0
2023-10-20 20:34,3.714,3.718,3.714,3.717,6887.0
2023-10-20 20:35,3.717,3.717,3.715,3.715,2639.0
2023-10-20 20:36,3.716,3.718,3.716,3.717,782.0
2023-10-20 20:37,3.717,3.717,3.717,3.717,17.0
2023-10-20 20:38,3.716,3.716,3.715,3.715,2125.0
2023-10-20 20:39,3.715,3.718,3.715,3.718,492.0
2023-10-20 20:40,3.717,3.718,3.717,3.717,720.0
2023-10-20 20:41,3.718,3.719,3.718,3.719,885.0
2023-10-20 20:42,3.719,3.72,3.718,3.718,2793.0
2023-10-20 20:43,3.718,3.721,3.718,3.72,2178.0
2023-10-20 20:44,3.72,3.72,3.719,3.719,614.0
2023-10-20 20:45,3.72,3.72,3.717,3.717,977.0
2023-10-20 20:46,3.718,3.719,3.718,3.719,1011.0
2023-10-20 20:47,3.718,3.718,3.717,3.717,2328.0
2023-10-20 20:48,3.717,3.717,3.717,3.717,33.0
2023-10-20 20:49,3.716,3.717,3.716,3.717,7.0
2023-10-20 20:50,3.716,3.717,3.716,3.717,1822.0
2023-10-20 20:51,3.716,3.716,3.716,3.716,4015.0
2023-10-20 20:52,3.716,3.716,3.716,3.716,199.0
2023-10-20 20:53,3.716,3.716,3.716,3.716,250.0
2023-10-20 20:54,3.716,3.716,3.715,3.715,4.0
2023-10-20 20:55,3.716,3.716,3.716,3.716,2.0
2023-10-20 20:56,3.715,3.716,3.714,3.714,4987.0
2023-10-20 20:57,3.714,3.714,3.713,3.713,1205.0
2023-10-20 20:58,3.712,3.712,3.711,3.711,6821.0
2023-10-20 20:59,3.711,3.711,3.711,3.711,6.0
2023-10-20 21:00,3.711,3.714,3.711,3.714,2967.0
2023-10-20 21:01,3.714,3.714,3.713,3.713,287.0
2023-10-20 21:02,3.713,3.714,3.713,3.714,4913.0
2023-10-20 21:03,3.714,3.717,3.714,3.717,2846.0
2023-10-20 21:04,3.717,3.717,3.717,3.717,497.0
2023-10-20 21:05,3.717,3.718,3.717,3.718,3061.0
2023-10-20 21:06,3.718,3.718,3.718,3.718,618.0
2023-10-20 21:07,3.718,3.718,3.718,3.718,454.0
2023-10-20 21:08,3.718,3.718,3.717,3.717,4052.0
2023-10-20 21:09,3.718,3.718,3.717,3.718,22578.0
2023-10-20 21:10,3.718,3.718,3.718,3.718,168.0
2023-10-20 21:11,3.719,3.719,3.719,3.719,729.0
2023-10-20 21:12,3.719,3.72,3.719,3.719,1383.0
2023-10-20 21:13,3.72,3.72,3.72,3.72,239.0
2023-10-20 21:14,3.72,3.721,3.72,3.721,3648.0
2023-10-20 21:15,3.721,3.722,3.721,3.722,1845.0
2023-10-20 21:16,3.722,3.722,3.722,3.722,3.0
2023-10-20 21:17,3.722,3.722,3.721,3.721,8.0
2023-10-20 21:18,3.721,3.721,3.721,3.721,1.0
2023-10-20 21:19,3.722,3.722,3.716,3.717,45150.0
2023-10-20 21:20,3.718,3.719,3.718,3.719,932.0
2023-10-20 21:21,3.72,3.72,3.72,3.72,127.0
2023-10-20 21:22,3.72,3.72,3.72,3.72,50.0
2023-10-20 21:23,3.719,3.719,3.718,3.718,959.0
2023-10-20 21:24,3.719,3.719,3.718,3.718,6.0
2023-10-20 21:25,3.719,3.719,3.719,3.719,1.0
2023-10-20 21:26,3.718,3.719,3.718,3.718,46.0
2023-10-20 21:27,3.719,3.72,3.718,3.72,1382.0
2023-10-20 21:28,3.719,3.719,3.719,3.719,567.0
2023-10-20 21:29,3.719,3.719,3.719,3.719,0.0
2023-10-20 21:30,3.719,3.719,3.718,3.718,889.0
2023-10-20 21:31,3.719,3.719,3.718,3.719,11.0
2023-10-20 21:32,3.719,3.719,3.719,3.719,0.0
2023-10-20 21:33,3.719,3.719,3.719,3.719,54.0
2023-10-20 21:34,3.718,3.718,3.718,3.718,10.0
2023-10-20 21:35,3.719,3.719,3.719,3.719,125.0
2023-10-20 21:36,3.719,3.719,3.719,3.719,144.0
2023-10-20 21:37,3.719,3.721,3.719,3.721,1657.0
2023-10-20 21:38,3.721,3.721,3.721,3.721,1.0
2023-10-20 21:39,3.721,3.721,3.721,3.721,1402.0
2023-10-20 21:40,3.72,3.721,3.72,3.721,361.0
2023-10-20 21:41,3.721,3.721,3.72,3.721,266.0
2023-10-20 21:42,3.72,3.72,3.718,3.719,1808.0
2023-10-20 21:43,3.718,3.718,3.718,3.718,166.0
2023-10-20 21:44,3.718,3.719,3.716,3.719,6489.0
2023-10-20 21:45,3.718,3.719,3.718,3.719,24.0
2023-10-20 21:46,3.719,3.719,3.718,3.718,758.0
2023-10-20 21:47,3.719,3.72,3.719,3.72,602.0
2023-10-20 21:48,3.72,3.72,3.72,3.72,2.0
2023-10-20 21:49,3.72,3.72,3.72,3.72,2.0
2023-10-20 21:50,3.719,3.72,3.719,3.72,155.0
2023-10-20 21:51,3.72,3.721,3.719,3.72,4276.0
2023-10-20 21:52,3.721,3.721,3.721,3.721,102.0
2023-10-20 21:53,3.72,3.72,3.719,3.72,1739.0
2023-10-20 21:54,3.719,3.719,3.719,3.719,521.0
2023-10-20 21:55,3.718,3.718,3.718,3.718,4.0
2023-10-20 21:56,3.719,3.719,3.717,3.717,1636.0
2023-10-20 21:57,3.717,3.717,3.717,3.717,0.0
2023-10-20 21:58,3.718,3.718,3.716,3.717,1649.0
2023-10-20 21:59,3.717,3.717,3.717,3.717,3.0
2023-10-20 22:00,3.718,3.718,3.717,3.717,14.0
2023-10-20 22:01,3.718,3.719,3.718,3.719,1508.0
2023-10-20 22:02,3.719,3.719,3.719,3.719,60.0
2023-10-20 22:03,3.719,3.72,3.719,3.72,4509.0
2023-10-20 22:04,3.72,3.72,3.72,3.72,8.0
2023-10-20 22:05,3.72,3.721,3.72,3.721,174.0
2023-10-20 22:06,3.721,3.721,3.721,3.721,2.0
2023-10-20 22:07,3.721,3.722,3.721,3.722,1535.0
2023-10-20 22:08,3.723,3.723,3.721,3.723,1417.0
2023-10-20 22:09,3.723,3.723,3.723,3.723,69.0
2023-10-20 22:10,3.722,3.722,3.721,3.721,590.0
2023-10-20 22:11,3.721,3.721,3.721,3.721,3.0
2023-10-20 22:12,3.721,3.723,3.72,3.721,6467.0
2023-10-20 22:13,3.721,3.721,3.721,3.721,0.0
2023-10-20 22:14,3.722,3.725,3.722,3.725,2933.0
2023-10-20 22:15,3.725,3.725,3.724,3.724,642.0
2023-10-20 22:16,3.723,3.724,3.722,3.722,501.0
2023-10-20 22:17,3.72,3.72,3.72,3.72,505.0
2023-10-20 22:18,3.72,3.72,3.719,3.719,336.0
2023-10-20 22:19,3.719,3.719,3.719,3.719,7.0
2023-10-20 22:20,3.718,3.718,3.718,3.718,577.0
2023-10-20 22:21,3.718,3.719,3.718,3.719,3198.0
2023-10-20 22:22,3.719,3.719,3.719,3.719,493.0
2023-10-20 22:23,3.719,3.719,3.718,3.718,188.0
2023-10-20 22:24,3.718,3.718,3.718,3.718,0.0
2023-10-20 22:25,3.718,3.72,3.718,3.72,1621.0
2023-10-20 22:26,3.72,3.722,3.72,3.722,1917.0
2023-10-20 22:27,3.721,3.721,3.72,3.72,686.0
2023-10-20 22:28,3.72,3.72,3.72,3.72,0.0
2023-10-20 22:29,3.721,3.724,3.721,3.724,553.0
2023-10-20 22:30,3.724,3.724,3.723,3.723,1279.0
2023-10-20 22:31,3.723,3.724,3.723,3.724,2344.0
2023-10-20 22:32,3.723,3.723,3.722,3.722,1058.0
2023-10-20 22:33,3.722,3.722,3.722,3.722,0.0
2023-10-20 22:34,3.721,3.721,3.719,3.719,1327.0
2023-10-20 22:35,3.72,3.72,3.72,3.72,75.0
2023-10-20 22:36,3.72,3.72,3.72,3.72,523.0
2023-10-20 22:37,3.72,3.72,3.72,3.72,0.0
2023-10-20 22:38,3.719,3.719,3.719,3.719,3.0
2023-10-20 22:39,3.72,3.72,3.719,3.719,503.0
2023-10-20 22:40,3.719,3.719,3.718,3.718,2049.0
2023-10-20 22:41,3.719,3.719,3.718,3.719,2845.0
2023-10-20 22:42,3.72,3.721,3.72,3.721,1223.0
2023-10-20 22:43,3.721,3.722,3.721,3.722,1533.0
2023-10-20 22:44,3.722,3.723,3.722,3.723,6737.0
2023-10-20 22:45,3.723,3.723,3.722,3.723,159.0
2023-10-20 22:46,3.722,3.722,3.722,3.722,665.0
2023-10-20 22:47,3.721,3.721,3.719,3.719,2110.0
2023-10-20 22:48,3.72,3.721,3.72,3.721,489.0
2023-10-20 22:49,3.721,3.721,3.721,3.721,0.0
2023-10-20 22:50,3.721,3.721,3.721,3.721,0.0
2023-10-20 22:51,3.721,3.721,3.721,3.721,321.0
2023-10-20 22:52,3.722,3.722,3.722,3.722,890.0
2023-10-20 22:53,3.723,3.723,3.722,3.722,1428.0
2023-10-20 22:54,3.721,3.721,3.72,3.72,439.0
2023-10-20 22:55,3.719,3.719,3.718,3.719,2065.0
2023-10-20 22:56,3.72,3.72,3.72,3.72,461.0
2023-10-20 22:57,3.72,3.72,3.72,3.72,271.0
2023-10-20 22:58,3.721,3.722,3.721,3.722,1174.0
2023-10-20 22:59,3.723,3.724,3.723,3.724,1718.0
2023-10-20 23:00,3.724,3.725,3.723,3.725,82.0
2023-10-20 23:01,3.725,3.725,3.725,3.725,385.0
2023-10-20 23:02,3.726,3.728,3.726,3.728,2690.0
2023-10-20 23:03,3.728,3.73,3.728,3.729,13711.0
2023-10-20 23:04,3.729,3.729,3.726,3.726,22956.0
2023-10-20 23:05,3.726,3.727,3.725,3.725,4916.0
2023-10-20 23:06,3.725,3.73,3.725,3.73,5430.0
2023-10-20 23:07,3.73,3.73,3.725,3.725,2939.0
2023-10-20 23:08,3.724,3.727,3.724,3.727,6152.0
2023-10-20 23:09,3.727,3.728,3.727,3.728,6998.0
2023-10-20 23:10,3.726,3.727,3.726,3.727,341.0
2023-10-20 23:11,3.726,3.727,3.726,3.727,2825.0
2023-10-20 23:12,3.726,3.726,3.725,3.725,342.0
2023-10-20 23:13,3.726,3.729,3.726,3.728,3875.0
2023-10-20 23:14,3.728,3.728,3.727,3.727,1990.0
2023-10-20 23:15,3.728,3.73,3.727,3.73,3338.0
2023-10-20 23:16,3.731,3.731,3.727,3.727,1806.0
2023-10-20 23:17,3.728,3.728,3.725,3.725,336.0
2023-10-20 23:18,3.723,3.723,3.723,3.723,658.0
2023-10-20 23:19,3.723,3.725,3.723,3.724,535.0
2023-10-20 23:20,3.724,3.724,3.724,3.724,0.0
2023-10-20 23:21,3.723,3.723,3.723,3.723,50.0
2023-10-20 23:22,3.724,3.724,3.723,3.723,72.0
2023-10-20 23:23,3.724,3.725,3.723,3.723,1285.0
2023-10-20 23:24,3.724,3.724,3.724,3.724,892.0
2023-10-20 23:25,3.725,3.727,3.725,3.726,257.0
2023-10-20 23:26,3.726,3.726,3.724,3.725,691.0
2023-10-20 23:27,3.725,3.726,3.725,3.726,565.0
2023-10-20 23:28,3.727,3.727,3.727,3.727,415.0
2023-10-20 23:29,3.727,3.727,3.727,3.727,0.0
2023-10-20 23:30,3.727,3.727,3.726,3.726,206.0
2023-10-20 23:31,3.726,3.726,3.724,3.724,1078.0
2023-10-20 23:32,3.725,3.725,3.724,3.724,1186.0
2023-10-20 23:33,3.723,3.723,3.723,3.723,816.0
2023-10-20 23:34,3.722,3.722,3.721,3.722,711.0
2023-10-20 23:35,3.722,3.722,3.72,3.72,891.0
2023-10-20 23:36,3.72,3.72,3.719,3.719,4388.0
2023-10-20 23:37,3.719,3.719,3.717,3.718,4847.0
2023-10-20 23:38,3.718,3.718,3.715,3.715,4127.0
2023-10-20 23:39,3.716,3.716,3.716,3.716,1608.0
2023-10-20 23:40,3.716,3.716,3.715,3.716,156.0
2023-10-20 23:41,3.716,3.717,3.716,3.716,1700.0
2023-10-20 23:42,3.717,3.717,3.717,3.717,106.0
2023-10-20 23:43,3.717,3.717,3.717,3.717,1097.0
2023-10-20 23:44,3.718,3.718,3.717,3.718,24.0
2023-10-20 23:45,3.718,3.718,3.715,3.715,784.0
2023-10-20 23:46,3.715,3.715,3.715,3.715,49.0
2023-10-20 23:47,3.716,3.716,3.715,3.716,12.0
2023-10-20 23:48,3.716,3.716,3.716,3.716,1492.0
2023-10-20 23:49,3.716,3.718,3.716,3.718,1418.0
2023-10-20 23:50,3.719,3.719,3.717,3.717,1152.0
2023-10-20 23:51,3.716,3.716,3.716,3.716,191.0
2023-10-20 23:52,3.717,3.717,3.716,3.716,1326.0
2023-10-20 23:53,3.716,3.716,3.714,3.714,641.0
2023-10-20 23:54,3.714,3.715,3.714,3.714,153.0
2023-10-20 23:55,3.714,3.714,3.714,3.714,277.0
2023-10-20 23:56,3.715,3.715,3.715,3.715,947.0
2023-10-20 23:57,3.714,3.715,3.713,3.715,594.0
2023-10-20 23:58,3.715,3.715,3.715,3.715,0.0
2023-10-20 23:59,3.716,3.716,3.716,3.716,257.0
2023-10-21 00:00,3.717,3.718,3.716,3.718,4308.0
2023-10-21 00:01,3.719,3.722,3.719,3.722,2869.0
2023-10-21 00:02,3.722,3.723,3.722,3.723,5425.0
2023-10-21 00:03,3.723,3.725,3.722,3.725,36799.0
2023-10-21 00:04,3.725,3.728,3.725,3.728,3657.0
2023-10-21 00:05,3.729,3.735,3.728,3.732,25726.0
2023-10-21 00:06,3.731,3.732,3.73,3.73,4945.0
2023-10-21 00:07,3.73,3.73,3.728,3.729,4839.0
2023-10-21 00:08,3.73,3.73,3.73,3.73,2551.0
2023-10-21 00:09,3.73,3.731,3.728,3.728,3921.0
2023-10-21 00:10,3.727,3.727,3.726,3.726,4430.0
2023-10-21 00:11,3.726,3.731,3.726,3.731,13065.0
2023-10-21 00:12,3.73,3.73,3.727,3.727,7234.0
2023-10-21 00:13,3.727,3.73,3.727,3.73,6873.0
2023-10-21 00:14,3.731,3.733,3.731,3.733,2201.0
2023-10-21 00:15,3.733,3.735,3.732,3.734,2052.0
2023-10-21 00:16,3.735,3.737,3.734,3.737,4842.0
2023-10-21 00:17,3.737,3.737,3.735,3.736,4159.0
2023-10-21 00:18,3.735,3.735,3.735,3.735,1369.0
2023-10-21 00:19,3.734,3.734,3.731,3.731,2874.0
2023-10-21 00:20,3.732,3.732,3.731,3.732,2699.0
2023-10-21 00:21,3.732,3.733,3.732,3.733,5112.0
2023-10-21 00:22,3.734,3.735,3.734,3.735,1731.0
2023-10-21 00:23,3.735,3.737,3.735,3.736,2305.0
2023-10-21 00:24,3.736,3.74,3.736,3.739,13368.0
2023-10-21 00:25,3.739,3.739,3.738,3.738,1078.0
2023-10-21 00:26,3.739,3.74,3.739,3.74,2769.0
2023-10-21 00:27,3.739,3.739,3.737,3.739,3115.0
2023-10-21 00:28,3.739,3.739,3.739,3.739,648.0
2023-10-21 00:29,3.739,3.739,3.737,3.738,1211.0
2023-10-21 00:30,3.738,3.738,3.733,3.735,3471.0
2023-10-21 00:31,3.735,3.735,3.735,3.735,0.0
2023-10-21 00:32,3.736,3.736,3.734,3.734,2298.0
2023-10-21 00:33,3.733,3.733,3.732,3.733,1121.0
2023-10-21 00:34,3.732,3.733,3.732,3.733,1000.0
2023-10-21 00:35,3.734,3.735,3.734,3.735,2597.0
2023-10-21 00:36,3.736,3.736,3.734,3.734,1272.0
2023-10-21 00:37,3.734,3.734,3.733,3.733,2897.0
2023-10-21 00:38,3.733,3.733,3.733,3.733,0.0
2023-10-21 00:39,3.733,3.733,3.73,3.733,1710.0
2023-10-21 00:40,3.732,3.732,3.73,3.73,2247.0
2023-10-21 00:41,3.731,3.731,3.73,3.73,1227.0
2023-10-21 00:42,3.729,3.73,3.729,3.729,8733.0
2023-10-21 00:43,3.729,3.73,3.727,3.727,3422.0
2023-10-21 00:44,3.728,3.728,3.724,3.725,1885.0
2023-10-21 00:45,3.725,3.726,3.724,3.725,2875.0
2023-10-21 00:46,3.725,3.725,3.725,3.725,0.0
2023-10-21 00:47,3.726,3.726,3.723,3.724,3504.0
2023-10-21 00:48,3.723,3.723,3.722,3.723,2809.0
2023-10-21 00:49,3.723,3.724,3.722,3.724,2221.0
2023-10-21 00:50,3.724,3.726,3.724,3.726,1360.0
2023-10-21 00:51,3.726,3.726,3.726,3.726,131.0
2023-10-21 00:52,3.726,3.727,3.726,3.727,813.0
2023-10-21 00:53,3.728,3.728,3.724,3.727,7520.0
2023-10-21 00:54,3.727,3.728,3.727,3.727,366.0
2023-10-21 00:55,3.726,3.726,3.726,3.726,79.0
2023-10-21 00:56,3.725,3.726,3.725,3.726,878.0
2023-10-21 00:57,3.727,3.728,3.727,3.728,609.0
2023-10-21 00:58,3.728,3.73,3.728,3.73,890.0
2023-10-21 00:59,3.729,3.73,3.729,3.729,1312.0
2023-10-21 01:00,3.728,3.728,3.726,3.727,806.0
2023-10-21 01:01,3.728,3.728,3.727,3.727,42.0
2023-10-21 01:02,3.727,3.728,3.727,3.727,3.0
2023-10-21 01:03,3.728,3.728,3.726,3.726,1405.0
2023-10-21 01:04,3.726,3.726,3.725,3.725,1123.0
2023-10-21 01:05,3.725,3.725,3.722,3.723,1282.0
2023-10-21 01:06,3.722,3.723,3.721,3.721,2631.0
2023-10-21 01:07,3.722,3.724,3.722,3.724,789.0
2023-10-21 01:08,3.724,3.724,3.723,3.723,1299.0
2023-10-21 01:09,3.723,3.724,3.723,3.724,4360.0
2023-10-21 01:10,3.724,3.724,3.723,3.723,379.0
2023-10-21 01:11,3.722,3.722,3.722,3.722,293.0
2023-10-21 01:12,3.723,3.723,3.721,3.721,3181.0
2023-10-21 01:13,3.721,3.723,3.721,3.722,866.0
2023-10-21 01:14,3.723,3.723,3.723,3.723,50.0
2023-10-21 01:15,3.722,3.723,3.721,3.723,1651.0
2023-10-21 01:16,3.723,3.723,3.723,3.723,298.0
2023-10-21 01:17,3.723,3.723,3.721,3.722,3219.0
2023-10-21 01:18,3.722,3.722,3.721,3.721,3381.0
2023-10-21 01:19,3.721,3.721,3.721,3.721,0.0
2023-10-21 01:20,3.721,3.721,3.72,3.72,925.0
2023-10-21 01:21,3.721,3.721,3.721,3.721,28.0
2023-10-21 01:22,3.721,3.721,3.721,3.721,1.0
2023-10-21 01:23,3.721,3.721,3.721,3.721,90.0
2023-10-21 01:24,3.72,3.72,3.718,3.718,7100.0
2023-10-21 01:25,3.718,3.718,3.715,3.716,13648.0
2023-10-21 01:26,3.716,3.716,3.715,3.715,400.0
2023-10-21 01:27,3.715,3.716,3.714,3.715,1136.0
2023-10-21 01:28,3.716,3.716,3.716,3.716,525.0
2023-10-21 01:29,3.716,3.716,3.714,3.715,1744.0
2023-10-21 01:30,3.714,3.715,3.714,3.715,1051.0
2023-10-21 01:31,3.715,3.715,3.714,3.714,3014.0
2023-10-21 01:32,3.714,3.714,3.714,3.714,40.0
2023-10-21 01:33,3.715,3.715,3.713,3.713,1824.0
2023-10-21 01:34,3.714,3.715,3.714,3.714,1163.0
2023-10-21 01:35,3.715,3.715,3.714,3.714,661.0
2023-10-21 01:36,3.713,3.714,3.712,3.713,2944.0
2023-10-21 01:37,3.712,3.712,3.712,3.712,60.0
2023-10-21 01:38,3.712,3.712,3.711,3.712,3869.0
2023-10-21 01:39,3.712,3.712,3.711,3.711,222.0
2023-10-21 01:40,3.712,3.713,3.71,3.713,2283.0
2023-10-21 01:41,3.712,3.712,3.711,3.712,1947.0
2023-10-21 01:42,3.712,3.712,3.711,3.711,11.0
2023-10-21 01:43,3.711,3.713,3.711,3.713,126.0
2023-10-21 01:44,3.712,3.713,3.711,3.712,1881.0
2023-10-21 01:45,3.712,3.713,3.712,3.713,612.0
2023-10-21 01:46,3.712,3.712,3.712,3.712,529.0
2023-10-21 01:47,3.712,3.712,3.712,3.712,0.0
2023-10-21 01:48,3.713,3.714,3.713,3.714,576.0
2023-10-21 01:49,3.714,3.714,3.714,3.714,2005.0
2023-10-21 01:50,3.714,3.715,3.714,3.714,5068.0
2023-10-21 01:51,3.714,3.714,3.714,3.714,91.0
2023-10-21 01:52,3.714,3.714,3.714,3.714,1230.0
2023-10-21 01:53,3.713,3.713,3.711,3.711,526.0
2023-10-21 01:54,3.711,3.711,3.711,3.711,48.0
2023-10-21 01:55,3.712,3.712,3.712,3.712,7.0
2023-10-21 01:56,3.711,3.711,3.709,3.709,8010.0
2023-10-21 01:57,3.709,3.711,3.709,3.711,1673.0
2023-10-21 01:58,3.712,3.714,3.712,3.714,1821.0
2023-10-21 01:59,3.713,3.715,3.712,3.714,1958.0
2023-10-21 02:00,3.714,3.714,3.708,3.709,2823.0
2023-10-21 02:01,3.708,3.71,3.708,3.71,5828.0
2023-10-21 02:02,3.711,3.711,3.71,3.71,2010.0
2023-10-21 02:03,3.709,3.709,3.708,3.708,294.0
2023-10-21 02:04,3.709,3.71,3.709,3.709,5447.0
2023-10-21 02:05,3.709,3.71,3.709,3.71,205.0
2023-10-21 02:06,3.709,3.71,3.709,3.709,853.0
2023-10-21 02:07,3.709,3.711,3.709,3.711,1041.0
2023-10-21 02:08,3.711,3.712,3.711,3.712,1315.0
2023-10-21 02:09,3.712,3.712,3.712,3.712,76.0
2023-10-21 02:10,3.712,3.712,3.711,3.711,847.0
2023-10-21 02:11,3.711,3.711,3.711,3.711,40.0
2023-10-21 02:12,3.711,3.712,3.711,3.712,948.0
2023-10-21 02:13,3.712,3.712,3.712,3.712,769.0
2023-10-21 02:14,3.713,3.713,3.713,3.713,2027.0
2023-10-21 02:15,3.713,3.713,3.712,3.713,1283.0
2023-10-21 02:16,3.713,3.713,3.713,3.713,83.0
2023-10-21 02:17,3.713,3.714,3.713,3.713,64.0
2023-10-21 02:18,3.714,3.714,3.712,3.712,374.0
2023-10-21 02:19,3.712,3.712,3.712,3.712,10.0
2023-10-21 02:20,3.712,3.713,3.712,3.712,194.0
2023-10-21 02:21,3.712,3.714,3.712,3.714,1662.0
2023-10-21 02:22,3.714,3.715,3.714,3.715,1672.0
2023-10-21 02:23,3.715,3.715,3.715,3.715,178.0
2023-10-21 02:24,3.716,3.716,3.716,3.716,1000.0
2023-10-21 02:25,3.716,3.716,3.715,3.716,602.0
2023-10-21 02:26,3.715,3.718,3.715,3.718,3084.0
2023-10-21 02:27,3.718,3.718,3.717,3.717,148.0
2023-10-21 02:28,3.717,3.718,3.717,3.718,43.0
2023-10-21 02:29,3.717,3.718,3.717,3.718,43.0
2023-10-21 02:30,3.718,3.719,3.717,3.719,1071.0
2023-10-21 02:31,3.718,3.72,3.718,3.719,1080.0
2023-10-21 02:32,3.72,3.72,3.717,3.717,8655.0
2023-10-21 02:33,3.717,3.717,3.715,3.715,1224.0
2023-10-21 02:34,3.715,3.715,3.714,3.715,469.0
2023-10-21 02:35,3.715,3.716,3.715,3.716,58.0
2023-10-21 02:36,3.716,3.716,3.715,3.716,1103.0
2023-10-21 02:37,3.715,3.715,3.715,3.715,273.0
2023-10-21 02:38,3.715,3.715,3.712,3.712,1475.0
2023-10-21 02:39,3.712,3.714,3.712,3.714,5737.0
2023-10-21 02:40,3.714,3.714,3.713,3.713,485.0
2023-10-21 02:41,3.713,3.713,3.71,3.71,1411.0
2023-10-21 02:42,3.709,3.709,3.708,3.709,94.0
2023-10-21 02:43,3.709,3.71,3.708,3.71,2219.0
2023-10-21 02:44,3.709,3.71,3.708,3.708,3888.0
2023-10-21 02:45,3.709,3.709,3.709,3.709,4.0
2023-10-21 02:46,3.709,3.71,3.709,3.71,112.0
2023-10-21 02:47,3.71,3.711,3.709,3.711,1111.0
2023-10-21 02:48,3.712,3.714,3.712,3.713,6073.0
2023-10-21 02:49,3.712,3.714,3.712,3.714,7870.0
2023-10-21 02:50,3.714,3.714,3.712,3.714,11196.0
2023-10-21 02:51,3.714,3.714,3.713,3.713,1208.0
2023-10-21 02:52,3.713,3.714,3.713,3.714,576.0
2023-10-21 02:53,3.715,3.715,3.714,3.714,3010.0
2023-10-21 02:54,3.714,3.714,3.714,3.714,1485.0
2023-10-21 02:55,3.714,3.715,3.714,3.715,756.0
2023-10-21 02:56,3.715,3.715,3.715,3.715,77.0
2023-10-21 02:57,3.715,3.717,3.715,3.716,533.0
2023-10-21 02:58,3.717,3.718,3.717,3.718,318.0
2023-10-21 02:59,3.718,3.718,3.718,3.718,41.0
2023-10-21 03:00,3.718,3.72,3.717,3.719,4634.0
2023-10-21 03:01,3.719,3.719,3.718,3.718,779.0
2023-10-21 03:02,3.717,3.717,3.717,3.717,590.0
2023-10-21 03:03,3.718,3.718,3.716,3.718,993.0
2023-10-21 03:04,3.718,3.718,3.718,3.718,0.0
2023-10-21 03:05,3.717,3.717,3.716,3.716,1943.0
2023-10-21 03:06,3.717,3.72,3.717,3.719,4188.0
2023-10-21 03:07,3.719,3.719,3.719,3.719,147.0
2023-10-21 03:08,3.718,3.718,3.716,3.716,1327.0
2023-10-21 03:09,3.715,3.715,3.713,3.713,874.0
2023-10-21 03:10,3.714,3.714,3.711,3.711,1643.0
2023-10-21 03:11,3.711,3.711,3.708,3.71,1095.0
2023-10-21 03:12,3.71,3.71,3.709,3.709,1197.0
2023-10-21 03:13,3.709,3.709,3.708,3.709,1630.0
2023-10-21 03:14,3.71,3.711,3.71,3.71,6702.0
2023-10-21 03:15,3.712,3.714,3.712,3.714,724.0
2023-10-21 03:16,3.713,3.717,3.712,3.717,2425.0
2023-10-21 03:17,3.716,3.718,3.716,3.718,3105.0
2023-10-21 03:18,3.719,3.72,3.719,3.72,403.0
2023-10-21 03:19,3.719,3.719,3.719,3.719,49.0
2023-10-21 03:20,3.72,3.72,3.72,3.72,674.0
2023-10-21 03:21,3.719,3.72,3.719,3.72,597.0
2023-10-21 03:22,3.72,3.721,3.72,3.72,671.0
2023-10-21 03:23,3.721,3.721,3.72,3.721,43.0
2023-10-21 03:24,3.72,3.721,3.72,3.72,73.0
2023-10-21 03:25,3.72,3.721,3.719,3.719,2678.0
2023-10-21 03:26,3.719,3.721,3.719,3.72,1448.0
2023-10-21 03:27,3.721,3.721,3.72,3.72,357.0
2023-10-21 03:28,3.72,3.72,3.72,3.72,40.0
2023-10-21 03:29,3.72,3.72,3.72,3.72,583.0
2023-10-21 03:30,3.721,3.723,3.72,3.723,8642.0
2023-10-21 03:31,3.723,3.724,3.723,3.724,2104.0
2023-10-21 03:32,3.723,3.724,3.722,3.724,3265.0
2023-10-21 03:33,3.724,3.725,3.724,3.724,1690.0
2023-10-21 03:34,3.724,3.724,3.724,3.724,993.0
2023-10-21 03:35,3.724,3.726,3.724,3.726,1469.0
2023-10-21 03:36,3.726,3.726,3.726,3.726,41.0
2023-10-21 03:37,3.726,3.728,3.726,3.728,465.0
2023-10-21 03:38,3.728,3.728,3.727,3.727,1346.0
2023-10-21 03:39,3.727,3.728,3.727,3.727,173.0
2023-10-21 03:40,3.728,3.728,3.727,3.728,305.0
2023-10-21 03:41,3.727,3.727,3.726,3.727,1746.0
2023-10-21 03:42,3.727,3.728,3.727,3.727,702.0
2023-10-21 03:43,3.727,3.727,3.727,3.727,40.0
2023-10-21 03:44,3.728,3.729,3.728,3.728,558.0
2023-10-21 03:45,3.729,3.729,3.728,3.728,361.0
2023-10-21 03:46,3.728,3.729,3.728,3.729,1660.0
2023-10-21 03:47,3.729,3.73,3.729,3.73,172.0
2023-10-21 03:48,3.73,3.731,3.73,3.73,4196.0
2023-10-21 03:49,3.731,3.732,3.73,3.731,4506.0
2023-10-21 03:50,3.732,3.732,3.731,3.731,54.0
2023-10-21 03:51,3.732,3.732,3.732,3.732,1460.0
2023-10-21 03:52,3.732,3.732,3.731,3.731,47.0
2023-10-21 03:53,3.731,3.733,3.731,3.732,1765.0
2023-10-21 03:54,3.732,3.732,3.731,3.731,514.0
2023-10-21 03:55,3.731,3.731,3.722,3.725,47594.0
2023-10-21 03:56,3.724,3.724,3.723,3.724,577.0
2023-10-21 03:57,3.724,3.724,3.723,3.723,493.0
2023-10-21 03:58,3.723,3.725,3.723,3.724,658.0
2023-10-21 03:59,3.724,3.724,3.723,3.723,1618.0
2023-10-21 04:00,3.724,3.724,3.722,3.723,798.0
2023-10-21 04:01,3.724,3.726,3.724,3.725,5212.0
2023-10-21 04:02,3.725,3.726,3.725,3.725,5414.0
2023-10-21 04:03,3.725,3.725,3.724,3.724,215.0
2023-10-21 04:04,3.725,3.725,3.724,3.724,41.0
2023-10-21 04:05,3.725,3.727,3.725,3.727,587.0
2023-10-21 04:06,3.727,3.727,3.726,3.726,200.0
2023-10-21 04:07,3.726,3.727,3.726,3.726,268.0
2023-10-21 04:08,3.726,3.727,3.726,3.726,52.0
2023-10-21 04:09,3.726,3.726,3.725,3.725,860.0
2023-10-21 04:10,3.726,3.727,3.726,3.727,303.0
2023-10-21 04:11,3.728,3.729,3.727,3.729,1835.0
2023-10-21 04:12,3.729,3.73,3.729,3.73,683.0
2023-10-21 04:13,3.73,3.73,3.729,3.729,435.0
2023-10-21 04:14,3.729,3.729,3.728,3.728,840.0
2023-10-21 04:15,3.729,3.729,3.728,3.728,385.0
2023-10-21 04:16,3.728,3.728,3.726,3.726,339.0
2023-10-21 04:17,3.727,3.727,3.725,3.725,1605.0
2023-10-21 04:18,3.725,3.725,3.723,3.723,893.0
2023-10-21 04:19,3.724,3.724,3.722,3.722,1105.0
2023-10-21 04:20,3.723,3.724,3.723,3.723,854.0
2023-10-21 04:21,3.724,3.724,3.723,3.724,229.0
2023-10-21 04:22,3.725,3.725,3.724,3.725,142.0
2023-10-21 04:23,3.726,3.726,3.724,3.724,386.0
2023-10-21 04:24,3.723,3.724,3.723,3.723,44.0
2023-10-21 04:25,3.723,3.724,3.723,3.724,2890.0
2023-10-21 04:26,3.724,3.724,3.724,3.724,0.0
2023-10-21 04:27,3.724,3.725,3.724,3.725,232.0
2023-10-21 04:28,3.724,3.725,3.724,3.725,285.0
2023-10-21 04:29,3.725,3.725,3.725,3.725,386.0
2023-10-21 04:30,3.724,3.724,3.724,3.724,90.0
2023-10-21 04:31,3.724,3.724,3.723,3.723,1715.0
2023-10-21 04:32,3.723,3.726,3.723,3.726,632.0
2023-10-21 04:33,3.727,3.733,3.726,3.731,37860.0
2023-10-21 04:34,3.732,3.732,3.732,3.732,9.0
2023-10-21 04:35,3.732,3.733,3.732,3.733,49.0
2023-10-21 04:36,3.732,3.733,3.732,3.733,1066.0
2023-10-21 04:37,3.733,3.734,3.733,3.734,1409.0
2023-10-21 04:38,3.733,3.733,3.732,3.732,2430.0
2023-10-21 04:39,3.732,3.732,3.732,3.732,724.0
2023-10-21 04:40,3.731,3.732,3.731,3.732,589.0
2023-10-21 04:41,3.732,3.735,3.732,3.734,1633.0
2023-10-21 04:42,3.734,3.735,3.733,3.733,2138.0
2023-10-21 04:43,3.733,3.734,3.733,3.733,101.0
2023-10-21 04:44,3.733,3.734,3.733,3.733,550.0
2023-10-21 04:45,3.733,3.734,3.733,3.733,3049.0
2023-10-21 04:46,3.734,3.735,3.734,3.735,2708.0
2023-10-21 04:47,3.733,3.734,3.733,3.733,522.0
2023-10-21 04:48,3.733,3.733,3.733,3.733,48.0
2023-10-21 04:49,3.733,3.734,3.733,3.733,392.0
2023-10-21 04:50,3.733,3.733,3.733,3.733,1097.0
2023-10-21 04:51,3.732,3.732,3.731,3.731,905.0
2023-10-21 04:52,3.732,3.732,3.731,3.732,50.0
2023-10-21 04:53,3.732,3.732,3.731,3.731,364.0
2023-10-21 04:54,3.73,3.731,3.73,3.73,5636.0
2023-10-21 04:55,3.73,3.731,3.73,3.731,3939.0
2023-10-21 04:56,3.73,3.731,3.73,3.731,1692.0
2023-10-21 04:57,3.73,3.73,3.73,3.73,536.0
2023-10-21 04:58,3.73,3.731,3.73,3.73,113.0
2023-10-21 04:59,3.729,3.731,3.729,3.731,105.0
2023-10-21 05:00,3.73,3.73,3.73,3.73,41.0
2023-10-21 05:01,3.73,3.73,3.73,3.73,162.0
2023-10-21 05:02,3.73,3.733,3.73,3.732,1924.0
2023-10-21 05:03,3.732,3.733,3.732,3.733,1529.0
2023-10-21 05:04,3.732,3.733,3.732,3.733,2308.0
2023-10-21 05:05,3.732,3.733,3.732,3.733,567.0
2023-10-21 05:06,3.734,3.736,3.734,3.736,1759.0
2023-10-21 05:07,3.736,3.737,3.736,3.737,50.0
2023-10-21 05:08,3.736,3.736,3.736,3.736,40.0
2023-10-21 05:09,3.736,3.736,3.735,3.735,4163.0
2023-10-21 05:10,3.736,3.736,3.735,3.735,108.0
2023-10-21 05:11,3.735,3.736,3.735,3.736,41.0
2023-10-21 05:12,3.735,3.736,3.735,3.736,99.0
2023-10-21 05:13,3.735,3.735,3.735,3.735,40.0
2023-10-21 05:14,3.736,3.736,3.735,3.735,42.0
2023-10-21 05:15,3.735,3.735,3.734,3.734,1360.0
2023-10-21 05:16,3.734,3.734,3.733,3.733,622.0
2023-10-21 05:17,3.734,3.734,3.733,3.734,44.0
2023-10-21 05:18,3.734,3.734,3.733,3.734,208.0
2023-10-21 05:19,3.733,3.733,3.733,3.733,40.0
2023-10-21 05:20,3.734,3.735,3.734,3.734,955.0
2023-10-21 05:21,3.734,3.735,3.734,3.735,53.0
2023-10-21 05:22,3.734,3.734,3.734,3.734,587.0
2023-10-21 05:23,3.735,3.737,3.735,3.737,2643.0
2023-10-21 05:24,3.738,3.739,3.738,3.739,912.0
2023-10-21 05:25,3.738,3.739,3.737,3.738,6356.0
2023-10-21 05:26,3.738,3.738,3.738,3.738,40.0
2023-10-21 05:27,3.738,3.738,3.737,3.737,732.0
2023-10-21 05:28,3.737,3.737,3.737,3.737,140.0
2023-10-21 05:29,3.738,3.738,3.738,3.738,657.0
2023-10-21 05:30,3.738,3.738,3.737,3.737,5975.0
2023-10-21 05:31,3.737,3.737,3.737,3.737,40.0
2023-10-21 05:32,3.737,3.738,3.737,3.738,1455.0
2023-10-21 05:33,3.739,3.739,3.739,3.739,24.0
2023-10-21 05:34,3.739,3.74,3.739,3.739,68.0
2023-10-21 05:35,3.739,3.739,3.739,3.739,41.0
2023-10-21 05:36,3.739,3.74,3.739,3.74,1563.0
2023-10-21 05:37,3.74,3.741,3.74,3.74,49.0
2023-10-21 05:38,3.74,3.741,3.74,3.74,676.0
2023-10-21 05:39,3.74,3.741,3.739,3.739,1344.0
2023-10-21 05:40,3.74,3.743,3.74,3.741,28365.0
2023-10-21 05:41,3.74,3.74,3.739,3.739,1181.0
2023-10-21 05:42,3.739,3.739,3.739,3.739,97.0
2023-10-21 05:43,3.74,3.74,3.74,3.74,2436.0
2023-10-21 05:44,3.739,3.739,3.738,3.738,790.0
2023-10-21 05:45,3.739,3.739,3.738,3.738,185.0
2023-10-21 05:46,3.739,3.739,3.739,3.739,80.0
2023-10-21 05:47,3.739,3.74,3.739,3.74,1302.0
2023-10-21 05:48,3.739,3.74,3.739,3.739,224.0
2023-10-21 05:49,3.739,3.739,3.739,3.739,1690.0
2023-10-21 05:50,3.74,3.74,3.74,3.74,1446.0
2023-10-21 05:51,3.739,3.739,3.734,3.734,1232.0
2023-10-21 05:52,3.735,3.735,3.735,3.735,256.0
2023-10-21 05:53,3.735,3.737,3.735,3.737,978.0
2023-10-21 05:54,3.736,3.736,3.735,3.735,324.0
2023-10-21 05:55,3.735,3.736,3.735,3.736,3101.0
2023-10-21 05:56,3.737,3.738,3.736,3.736,273.0
2023-10-21 05:57,3.737,3.737,3.735,3.735,5932.0
2023-10-21 05:58,3.736,3.737,3.736,3.737,605.0
2023-10-21 05:59,3.738,3.738,3.737,3.737,215.0
2023-10-21 06:00,3.737,3.737,3.736,3.737,4177.0
2023-10-21 06:01,3.737,3.737,3.737,3.737,209.0
2023-10-21 06:02,3.738,3.739,3.738,3.739,587.0
2023-10-21 06:03,3.739,3.739,3.739,3.739,173.0
2023-10-21 06:04,3.74,3.74,3.738,3.738,914.0
2023-10-21 06:05,3.738,3.739,3.738,3.738,283.0
2023-10-21 06:06,3.738,3.738,3.737,3.737,841.0
2023-10-21 06:07,3.737,3.737,3.736,3.736,560.0
2023-10-21 06:08,3.737,3.737,3.737,3.737,553.0
2023-10-21 06:09,3.737,3.737,3.736,3.736,307.0
2023-10-21 06:10,3.737,3.737,3.736,3.736,52.0
2023-10-21 06:11,3.737,3.737,3.736,3.737,1264.0
2023-10-21 06:12,3.738,3.738,3.738,3.738,375.0
2023-10-21 06:13,3.739,3.739,3.738,3.738,42.0
2023-10-21 06:14,3.739,3.74,3.739,3.739,2442.0
2023-10-21 06:15,3.739,3.742,3.739,3.741,493.0
2023-10-21 06:16,3.742,3.742,3.741,3.741,4.0
2023-10-21 06:17,3.742,3.746,3.741,3.746,12079.0
2023-10-21 06:18,3.745,3.745,3.744,3.744,1136.0
2023-10-21 06:19,3.744,3.744,3.743,3.743,852.0
2023-10-21 06:20,3.744,3.746,3.743,3.745,5082.0
2023-10-21 06:21,3.745,3.746,3.744,3.745,4483.0
2023-10-21 06:22,3.745,3.746,3.745,3.745,501.0
2023-10-21 06:23,3.744,3.748,3.744,3.748,1088.0
2023-10-21 06:24,3.747,3.747,3.744,3.744,3062.0
2023-10-21 06:25,3.744,3.745,3.744,3.745,272.0
2023-10-21 06:26,3.744,3.746,3.744,3.746,544.0
2023-10-21 06:27,3.747,3.749,3.747,3.748,1797.0
2023-10-21 06:28,3.747,3.75,3.747,3.75,8316.0
2023-10-21 06:29,3.75,3.751,3.748,3.75,5968.0
2023-10-21 06:30,3.749,3.765,3.747,3.751,227996.0
2023-10-21 06:31,3.75,3.755,3.749,3.755,16474.0
2023-10-21 06:32,3.755,3.76,3.755,3.758,8602.0
2023-10-21 06:33,3.759,3.762,3.758,3.759,5020.0
2023-10-21 06:34,3.759,3.759,3.754,3.754,6808.0
2023-10-21 06:35,3.753,3.753,3.751,3.752,1333.0
2023-10-21 06:36,3.752,3.753,3.75,3.752,4696.0
2023-10-21 06:37,3.753,3.754,3.753,3.753,2170.0
2023-10-21 06:38,3.752,3.752,3.75,3.751,2759.0
2023-10-21 06:39,3.751,3.751,3.749,3.751,1606.0
2023-10-21 06:40,3.751,3.751,3.75,3.751,2159.0
2023-10-21 06:41,3.751,3.753,3.751,3.753,2606.0
2023-10-21 06:42,3.753,3.754,3.752,3.752,2412.0
2023-10-21 06:43,3.751,3.751,3.749,3.749,2140.0
2023-10-21 06:44,3.748,3.749,3.745,3.749,12281.0
2023-10-21 06:45,3.75,3.75,3.748,3.748,1301.0
2023-10-21 06:46,3.748,3.752,3.748,3.752,2117.0
2023-10-21 06:47,3.752,3.755,3.752,3.753,5958.0
2023-10-21 06:48,3.754,3.757,3.754,3.755,4631.0
2023-10-21 06:49,3.755,3.755,3.754,3.754,8515.0
2023-10-21 06:50,3.755,3.755,3.753,3.753,220.0
2023-10-21 06:51,3.753,3.754,3.753,3.754,514.0
2023-10-21 06:52,3.755,3.76,3.755,3.759,2057.0
2023-10-21 06:53,3.758,3.758,3.756,3.758,1518.0
2023-10-21 06:54,3.758,3.758,3.757,3.757,521.0
2023-10-21 06:55,3.756,3.757,3.756,3.757,1291.0
2023-10-21 06:56,3.756,3.757,3.755,3.755,2610.0
2023-10-21 06:57,3.755,3.755,3.753,3.754,460.0
2023-10-21 06:58,3.754,3.757,3.753,3.757,1876.0
2023-10-21 06:59,3.757,3.759,3.757,3.759,749.0
2023-10-21 07:00,3.759,3.759,3.757,3.757,1067.0
2023-10-21 07:01,3.757,3.757,3.756,3.757,4904.0
2023-10-21 07:02,3.757,3.757,3.754,3.754,1274.0
2023-10-21 07:03,3.753,3.753,3.752,3.752,755.0
2023-10-21 07:04,3.751,3.753,3.75,3.752,1082.0
2023-10-21 07:05,3.753,3.754,3.752,3.752,431.0
2023-10-21 07:06,3.752,3.752,3.749,3.751,4097.0
2023-10-21 07:07,3.751,3.751,3.75,3.751,887.0
2023-10-21 07:08,3.75,3.75,3.75,3.75,493.0
2023-10-21 07:09,3.75,3.75,3.749,3.749,67.0
2023-10-21 07:10,3.749,3.75,3.748,3.749,5088.0
2023-10-21 07:11,3.75,3.754,3.75,3.753,11476.0
2023-10-21 07:12,3.754,3.756,3.753,3.756,6274.0
2023-10-21 07:13,3.756,3.756,3.753,3.753,2760.0
2023-10-21 07:14,3.753,3.753,3.753,3.753,277.0
2023-10-21 07:15,3.752,3.752,3.751,3.751,652.0
2023-10-21 07:16,3.752,3.752,3.751,3.752,1629.0
2023-10-21 07:17,3.753,3.753,3.753,3.753,18.0
2023-10-21 07:18,3.753,3.753,3.751,3.751,184.0
2023-10-21 07:19,3.751,3.751,3.751,3.751,1120.0
2023-10-21 07:20,3.751,3.752,3.751,3.751,145.0
2023-10-21 07:21,3.752,3.754,3.752,3.754,1107.0
2023-10-21 07:22,3.753,3.754,3.752,3.753,14800.0
2023-10-21 07:23,3.754,3.754,3.753,3.753,557.0
2023-10-21 07:24,3.753,3.753,3.752,3.753,12323.0
2023-10-21 07:25,3.752,3.753,3.75,3.75,1982.0
2023-10-21 07:26,3.751,3.751,3.75,3.751,593.0
2023-10-21 07:27,3.752,3.754,3.752,3.754,1346.0
2023-10-21 07:28,3.755,3.756,3.755,3.756,493.0
2023-10-21 07:29,3.756,3.757,3.756,3.756,3046.0
2023-10-21 07:30,3.757,3.757,3.756,3.757,308.0
2023-10-21 07:31,3.758,3.759,3.757,3.758,3850.0
2023-10-21 07:32,3.759,3.759,3.758,3.758,656.0
2023-10-21 07:33,3.758,3.758,3.755,3.755,2020.0
2023-10-21 07:34,3.755,3.755,3.754,3.754,45.0
2023-10-21 07:35,3.755,3.755,3.755,3.755,359.0
2023-10-21 07:36,3.757,3.757,3.755,3.756,383.0
2023-10-21 07:37,3.756,3.758,3.756,3.758,887.0
2023-10-21 07:38,3.759,3.759,3.758,3.759,1101.0
2023-10-21 07:39,3.759,3.761,3.759,3.761,4505.0
2023-10-21 07:40,3.76,3.761,3.76,3.76,145.0
2023-10-21 07:41,3.761,3.762,3.76,3.761,1304.0
2023-10-21 07:42,3.762,3.763,3.762,3.763,517.0
2023-10-21 07:43,3.762,3.762,3.761,3.762,1934.0
2023-10-21 07:44,3.763,3.763,3.762,3.762,4667.0
2023-10-21 07:45,3.762,3.763,3.762,3.763,288.0
2023-10-21 07:46,3.764,3.764,3.763,3.763,730.0
2023-10-21 07:47,3.764,3.764,3.763,3.763,1062.0
2023-10-21 07:48,3.764,3.767,3.764,3.766,1809.0
2023-10-21 07:49,3.767,3.767,3.764,3.767,3956.0
2023-10-21 07:50,3.767,3.767,3.765,3.765,207.0
2023-10-21 07:51,3.765,3.765,3.764,3.765,403.0
2023-10-21 07:52,3.765,3.767,3.765,3.767,1077.0
2023-10-21 07:53,3.767,3.767,3.764,3.764,917.0
2023-10-21 07:54,3.764,3.764,3.764,3.764,4668.0
2023-10-21 07:55,3.765,3.766,3.765,3.766,531.0
2023-10-21 07:56,3.766,3.766,3.766,3.766,146.0
2023-10-21 07:57,3.767,3.768,3.765,3.765,2036.0
2023-10-21 07:58,3.766,3.766,3.764,3.764,74.0
2023-10-21 07:59,3.765,3.766,3.765,3.766,2092.0
2023-10-21 08:00,3.767,3.768,3.766,3.766,1506.0
2023-10-21 08:01,3.766,3.766,3.763,3.763,1645.0
2023-10-21 08:02,3.763,3.763,3.762,3.762,2064.0
2023-10-21 08:03,3.761,3.762,3.76,3.76,3220.0
2023-10-21 08:04,3.76,3.76,3.759,3.759,489.0
2023-10-21 08:05,3.759,3.761,3.759,3.76,4260.0
2023-10-21 08:06,3.759,3.759,3.758,3.758,1016.0
2023-10-21 08:07,3.758,3.759,3.758,3.758,4335.0
2023-10-21 08:08,3.757,3.758,3.756,3.757,1575.0
2023-10-21 08:09,3.757,3.758,3.755,3.756,3359.0
2023-10-21 08:10,3.757,3.757,3.756,3.756,3463.0
2023-10-21 08:11,3.756,3.756,3.756,3.756,40.0
2023-10-21 08:12,3.756,3.757,3.754,3.754,1724.0
2023-10-21 08:13,3.754,3.755,3.754,3.755,1857.0
2023-10-21 08:14,3.756,3.756,3.755,3.755,135.0
2023-10-21 08:15,3.756,3.757,3.756,3.757,959.0
2023-10-21 08:16,3.757,3.758,3.756,3.756,201.0
2023-10-21 08:17,3.756,3.759,3.756,3.759,4667.0
2023-10-21 08:18,3.758,3.761,3.758,3.76,1636.0
2023-10-21 08:19,3.761,3.763,3.761,3.762,4906.0
2023-10-21 08:20,3.761,3.761,3.76,3.76,180.0
2023-10-21 08:21,3.76,3.761,3.758,3.758,634.0
2023-10-21 08:22,3.758,3.759,3.758,3.758,48.0
2023-10-21 08:23,3.759,3.762,3.759,3.761,999.0
2023-10-21 08:24,3.761,3.761,3.76,3.761,455.0
2023-10-21 08:25,3.76,3.761,3.76,3.761,10207.0
2023-10-21 08:26,3.762,3.762,3.761,3.761,60.0
2023-10-21 08:27,3.762,3.763,3.761,3.762,3459.0
2023-10-21 08:28,3.762,3.763,3.762,3.763,496.0
2023-10-21 08:29,3.763,3.763,3.76,3.762,2444.0
2023-10-21 08:30,3.762,3.762,3.761,3.761,2505.0
2023-10-21 08:31,3.762,3.762,3.758,3.758,1002.0
2023-10-21 08:32,3.758,3.76,3.758,3.76,1265.0
2023-10-21 08:33,3.76,3.762,3.76,3.762,744.0
2023-10-21 08:34,3.761,3.761,3.76,3.76,1372.0
2023-10-21 08:35,3.76,3.764,3.76,3.764,12114.0
2023-10-21 08:36,3.763,3.764,3.763,3.763,12503.0
2023-10-21 08:37,3.762,3.764,3.762,3.763,2643.0
2023-10-21 08:38,3.763,3.764,3.762,3.762,3458.0
2023-10-21 08:39,3.762,3.762,3.761,3.762,4585.0
2023-10-21 08:40,3.761,3.762,3.761,3.761,332.0
2023-10-21 08:41,3.76,3.76,3.759,3.759,46.0
2023-10-21 08:42,3.759,3.761,3.759,3.76,1201.0
2023-10-21 08:43,3.76,3.761,3.76,3.761,37.0
2023-10-21 08:44,3.761,3.761,3.759,3.76,1068.0
2023-10-21 08:45,3.76,3.76,3.759,3.759,826.0
2023-10-21 08:46,3.759,3.76,3.758,3.76,3213.0
2023-10-21 08:47,3.76,3.761,3.76,3.761,1374.0
2023-10-21 08:48,3.76,3.76,3.76,3.76,1811.0
2023-10-21 08:49,3.759,3.759,3.759,3.759,237.0
2023-10-21 08:50,3.759,3.759,3.757,3.757,1798.0
2023-10-21 08:51,3.756,3.756,3.756,3.756,2110.0
2023-10-21 08:52,3.755,3.756,3.755,3.755,1234.0
2023-10-21 08:53,3.756,3.756,3.756,3.756,2.0
2023-10-21 08:54,3.756,3.756,3.756,3.756,2000.0
2023-10-21 08:55,3.755,3.755,3.754,3.754,414.0
2023-10-21 08:56,3.754,3.754,3.753,3.753,78.0
2023-10-21 08:57,3.753,3.753,3.752,3.752,7675.0
2023-10-21 08:58,3.752,3.753,3.752,3.753,228.0
2023-10-21 08:59,3.754,3.756,3.754,3.756,137.0
2023-10-21 09:00,3.755,3.756,3.753,3.753,851.0
2023-10-21 09:01,3.753,3.754,3.753,3.753,2049.0
2023-10-21 09:02,3.752,3.753,3.752,3.752,760.0
2023-10-21 09:03,3.752,3.753,3.752,3.753,25881.0
2023-10-21 09:04,3.752,3.752,3.752,3.752,3347.0
2023-10-21 09:05,3.751,3.751,3.75,3.751,5460.0
2023-10-21 09:06,3.751,3.753,3.751,3.753,991.0
2023-10-21 09:07,3.753,3.753,3.75,3.751,5288.0
2023-10-21 09:08,3.751,3.752,3.751,3.752,917.0
2023-10-21 09:09,3.751,3.751,3.751,3.751,578.0
2023-10-21 09:10,3.751,3.752,3.751,3.752,3768.0
2023-10-21 09:11,3.752,3.752,3.752,3.752,2.0
2023-10-21 09:12,3.751,3.753,3.751,3.753,2265.0
2023-10-21 09:13,3.752,3.753,3.752,3.753,5.0
2023-10-21 09:14,3.752,3.752,3.75,3.752,25090.0
2023-10-21 09:15,3.752,3.752,3.752,3.752,964.0
2023-10-21 09:16,3.752,3.753,3.752,3.753,459.0
2023-10-21 09:17,3.753,3.753,3.753,3.753,18.0
2023-10-21 09:18,3.753,3.755,3.753,3.754,2088.0
2023-10-21 09:19,3.754,3.754,3.754,3.754,1903.0
2023-10-21 09:20,3.754,3.754,3.753,3.754,1197.0
2023-10-21 09:21,3.753,3.754,3.753,3.754,1677.0
2023-10-21 09:22,3.755,3.756,3.755,3.756,1244.0
2023-10-21 09:23,3.756,3.757,3.756,3.756,2838.0
2023-10-21 09:24,3.756,3.759,3.756,3.757,10775.0
2023-10-21 09:25,3.756,3.756,3.756,3.756,2.0
2023-10-21 09:26,3.756,3.757,3.756,3.756,3826.0
2023-10-21 09:27,3.757,3.757,3.756,3.757,1249.0
2023-10-21 09:28,3.756,3.757,3.756,3.757,4539.0
2023-10-21 09:29,3.756,3.758,3.754,3.758,4167.0
2023-10-21 09:30,3.758,3.759,3.758,3.759,735.0
2023-10-21 09:31,3.759,3.762,3.759,3.761,6943.0
2023-10-21 09:32,3.761,3.761,3.761,3.761,265.0
2023-10-21 09:33,3.761,3.761,3.76,3.76,1947.0
2023-10-21 09:34,3.76,3.761,3.76,3.761,530.0
2023-10-21 09:35,3.761,3.761,3.761,3.761,0.0
2023-10-21 09:36,3.761,3.761,3.761,3.761,26.0
2023-10-21 09:37,3.761,3.763,3.761,3.763,229.0
2023-10-21 09:38,3.763,3.763,3.761,3.761,2400.0
2023-10-21 09:39,3.761,3.762,3.759,3.759,1491.0
2023-10-21 09:40,3.759,3.764,3.759,3.763,3290.0
2023-10-21 09:41,3.763,3.764,3.763,3.763,799.0
2023-10-21 09:42,3.763,3.766,3.763,3.766,7374.0
2023-10-21 09:43,3.766,3.766,3.766,3.766,638.0
2023-10-21 09:44,3.766,3.767,3.766,3.767,260.0
2023-10-21 09:45,3.767,3.768,3.766,3.768,4127.0
2023-10-21 09:46,3.768,3.77,3.768,3.769,3438.0
2023-10-21 09:47,3.77,3.771,3.768,3.769,6045.0
2023-10-21 09:48,3.768,3.769,3.768,3.768,1558.0
2023-10-21 09:49,3.769,3.769,3.766,3.768,1556.0
2023-10-21 09:50,3.767,3.767,3.766,3.767,4795.0
2023-10-21 09:51,3.768,3.77,3.768,3.77,4916.0
2023-10-21 09:52,3.77,3.77,3.77,3.77,57.0
2023-10-21 09:53,3.77,3.77,3.769,3.769,6.0
2023-10-21 09:54,3.77,3.77,3.767,3.767,1029.0
2023-10-21 09:55,3.768,3.772,3.768,3.768,1270.0
2023-10-21 09:56,3.768,3.773,3.768,3.772,2293.0
2023-10-21 09:57,3.771,3.771,3.768,3.768,3022.0
2023-10-21 09:58,3.768,3.768,3.766,3.766,3654.0
2023-10-21 09:59,3.767,3.771,3.767,3.769,11324.0
2023-10-21 10:00,3.77,3.77,3.769,3.769,2951.0
2023-10-21 10:01,3.77,3.773,3.769,3.769,52938.0
2023-10-21 10:02,3.768,3.768,3.765,3.765,1839.0
2023-10-21 10:03,3.765,3.765,3.761,3.762,30166.0
2023-10-21 10:04,3.762,3.765,3.762,3.765,2778.0
2023-10-21 10:05,3.765,3.767,3.765,3.766,1735.0
2023-10-21 10:06,3.767,3.768,3.767,3.768,168.0
2023-10-21 10:07,3.768,3.768,3.765,3.765,2647.0
2023-10-21 10:08,3.763,3.763,3.762,3.762,591.0
2023-10-21 10:09,3.763,3.764,3.763,3.763,341.0
2023-10-21 10:10,3.763,3.763,3.761,3.761,3783.0
2023-10-21 10:11,3.761,3.763,3.761,3.761,3279.0
2023-10-21 10:12,3.762,3.763,3.762,3.762,2182.0
2023-10-21 10:13,3.762,3.762,3.762,3.762,49.0
2023-10-21 10:14,3.762,3.764,3.762,3.764,4963.0
2023-10-21 10:15,3.764,3.764,3.764,3.764,2.0
2023-10-21 10:16,3.763,3.765,3.763,3.765,438.0
2023-10-21 10:17,3.767,3.767,3.766,3.766,4950.0
2023-10-21 10:18,3.767,3.767,3.767,3.767,4.0
2023-10-21 10:19,3.767,3.771,3.767,3.77,3665.0
2023-10-21 10:20,3.769,3.77,3.768,3.768,1547.0
2023-10-21 10:21,3.769,3.77,3.769,3.77,232.0
2023-10-21 10:22,3.769,3.769,3.768,3.768,149.0
2023-10-21 10:23,3.768,3.769,3.768,3.768,1505.0
2023-10-21 10:24,3.768,3.768,3.768,3.768,493.0
2023-10-21 10:25,3.767,3.767,3.765,3.765,287.0
2023-10-21 10:26,3.765,3.766,3.765,3.766,2261.0
2023-10-21 10:27,3.767,3.767,3.765,3.765,643.0
2023-10-21 10:28,3.765,3.765,3.764,3.765,1010.0
2023-10-21 10:29,3.764,3.765,3.764,3.764,302.0
2023-10-21 10:30,3.765,3.766,3.765,3.765,721.0
2023-10-21 10:31,3.766,3.766,3.766,3.766,936.0
2023-10-21 10:32,3.766,3.768,3.766,3.768,1175.0
2023-10-21 10:33,3.769,3.769,3.769,3.769,4864.0
2023-10-21 10:34,3.768,3.768,3.766,3.766,1300.0
2023-10-21 10:35,3.766,3.767,3.765,3.765,4366.0
2023-10-21 10:36,3.766,3.766,3.766,3.766,1176.0
2023-10-21 10:37,3.767,3.767,3.766,3.766,129.0
2023-10-21 10:38,3.765,3.767,3.764,3.766,4882.0
2023-10-21 10:39,3.765,3.765,3.764,3.765,1918.0
2023-10-21 10:40,3.765,3.77,3.765,3.77,1852.0
2023-10-21 10:41,3.769,3.769,3.768,3.769,268.0
2023-10-21 10:42,3.769,3.77,3.768,3.77,942.0
2023-10-21 10:43,3.77,3.77,3.769,3.769,2880.0
2023-10-21 10:44,3.77,3.77,3.77,3.77,31.0
2023-10-21 10:45,3.77,3.77,3.768,3.768,692.0
2023-10-21 10:46,3.769,3.77,3.769,3.77,1256.0
2023-10-21 10:47,3.77,3.771,3.77,3.771,1179.0
2023-10-21 10:48,3.771,3.772,3.771,3.772,5398.0
2023-10-21 10:49,3.772,3.772,3.772,3.772,1.0
2023-10-21 10:50,3.773,3.773,3.772,3.772,42.0
2023-10-21 10:51,3.773,3.775,3.773,3.773,3236.0
2023-10-21 10:52,3.773,3.777,3.773,3.776,8268.0
2023-10-21 10:53,3.776,3.777,3.774,3.774,1175.0
2023-10-21 10:54,3.775,3.776,3.775,3.776,15781.0
2023-10-21 10:55,3.776,3.776,3.775,3.775,606.0
2023-10-21 10:56,3.775,3.777,3.775,3.776,15804.0
2023-10-21 10:57,3.776,3.776,3.776,3.776,1905.0
2023-10-21 10:58,3.775,3.776,3.774,3.775,1177.0
2023-10-21 10:59,3.774,3.774,3.774,3.774,506.0
2023-10-21 11:00,3.775,3.778,3.775,3.777,701.0
2023-10-21 11:01,3.777,3.778,3.777,3.778,155.0
2023-10-21 11:02,3.777,3.779,3.777,3.778,3114.0
2023-10-21 11:03,3.778,3.778,3.777,3.777,3928.0
2023-10-21 11:04,3.778,3.779,3.778,3.778,992.0
2023-10-21 11:05,3.779,3.78,3.778,3.78,377.0
2023-10-21 11:06,3.779,3.782,3.779,3.781,2087.0
2023-10-21 11:07,3.781,3.781,3.779,3.779,5683.0
2023-10-21 11:08,3.78,3.78,3.779,3.779,1767.0
2023-10-21 11:09,3.779,3.779,3.779,3.779,502.0
2023-10-21 11:10,3.778,3.784,3.778,3.783,27807.0
2023-10-21 11:11,3.782,3.783,3.781,3.781,1235.0
2023-10-21 11:12,3.782,3.783,3.782,3.782,2134.0
2023-10-21 11:13,3.781,3.782,3.781,3.782,670.0
2023-10-21 11:14,3.782,3.784,3.782,3.784,624.0
2023-10-21 11:15,3.783,3.784,3.782,3.782,2558.0
2023-10-21 11:16,3.782,3.782,3.782,3.782,565.0
2023-10-21 11:17,3.783,3.784,3.783,3.784,196.0
2023-10-21 11:18,3.783,3.783,3.782,3.782,2844.0
2023-10-21 11:19,3.782,3.785,3.782,3.784,1206.0
2023-10-21 11:20,3.784,3.784,3.782,3.782,2961.0
2023-10-21 11:21,3.781,3.783,3.781,3.782,12199.0
2023-10-21 11:22,3.782,3.783,3.782,3.782,1164.0
2023-10-21 11:23,3.782,3.782,3.781,3.781,2906.0
2023-10-21 11:24,3.781,3.783,3.781,3.783,3639.0
2023-10-21 11:25,3.783,3.783,3.783,3.783,805.0
2023-10-21 11:26,3.784,3.784,3.783,3.783,518.0
2023-10-21 11:27,3.783,3.788,3.783,3.787,6640.0
2023-10-21 11:28,3.788,3.807,3.788,3.8,363545.0
2023-10-21 11:29,3.8,3.8,3.796,3.796,12942.0
2023-10-21 11:30,3.795,3.797,3.795,3.795,7966.0
2023-10-21 11:31,3.794,3.796,3.793,3.796,5048.0
2023-10-21 11:32,3.795,3.796,3.793,3.793,4407.0
2023-10-21 11:33,3.793,3.798,3.792,3.798,10518.0
2023-10-21 11:34,3.799,3.811,3.798,3.801,196450.0
2023-10-21 11:35,3.802,3.804,3.801,3.802,32214.0
2023-10-21 11:36,3.802,3.803,3.802,3.802,4900.0
2023-10-21 11:37,3.801,3.803,3.794,3.796,20400.0
2023-10-21 11:38,3.796,3.801,3.794,3.795,16001.0
2023-10-21 11:39,3.795,3.799,3.795,3.799,16646.0
2023-10-21 11:40,3.798,3.802,3.798,3.8,4574.0
2023-10-21 11:41,3.8,3.812,3.799,3.811,241780.0
2023-10-21 11:42,3.811,3.811,3.81,3.811,22083.0
2023-10-21 11:43,3.811,3.813,3.811,3.813,35216.0
2023-10-21 11:44,3.813,3.815,3.812,3.814,18621.0
2023-10-21 11:45,3.814,3.819,3.814,3.819,52922.0
2023-10-21 11:46,3.819,3.82,3.804,3.804,58892.0
2023-10-21 11:47,3.803,3.811,3.803,3.811,49421.0
2023-10-21 11:48,3.811,3.813,3.811,3.812,4788.0
2023-10-21 11:49,3.813,3.813,3.808,3.808,6224.0
2023-10-21 11:50,3.808,3.81,3.808,3.809,26127.0
2023-10-21 11:51,3.809,3.81,3.809,3.81,15001.0
2023-10-21 11:52,3.81,3.81,3.807,3.809,69110.0
2023-10-21 11:53,3.809,3.81,3.803,3.803,45331.0
2023-10-21 11:54,3.803,3.804,3.802,3.804,12751.0
2023-10-21 11:55,3.804,3.804,3.802,3.804,4932.0
2023-10-21 11:56,3.803,3.803,3.801,3.803,10618.0
2023-10-21 11:57,3.802,3.81,3.802,3.808,106801.0
2023-10-21 11:58,3.809,3.811,3.809,3.811,12732.0
2023-10-21 11:59,3.81,3.812,3.81,3.812,4126.0
2023-10-21 12:00,3.812,3.816,3.804,3.807,157892.0
2023-10-21 12:01,3.807,3.809,3.804,3.807,55260.0
2023-10-21 12:02,3.807,3.807,3.804,3.805,5501.0
2023-10-21 12:03,3.804,3.805,3.804,3.805,3651.0
2023-10-21 12:04,3.804,3.804,3.801,3.801,6010.0
2023-10-21 12:05,3.8,3.802,3.799,3.801,6652.0
2023-10-21 12:06,3.801,3.801,3.797,3.798,4139.0
2023-10-21 12:07,3.798,3.798,3.797,3.798,1139.0
2023-10-21 12:08,3.798,3.8,3.798,3.8,20349.0
2023-10-21 12:09,3.801,3.801,3.8,3.8,36.0
2023-10-21 12:10,3.8,3.801,3.798,3.798,7008.0
2023-10-21 12:11,3.797,3.797,3.792,3.794,4652.0
2023-10-21 12:12,3.793,3.795,3.793,3.795,678.0
2023-10-21 12:13,3.795,3.796,3.794,3.796,1516.0
2023-10-21 12:14,3.796,3.799,3.796,3.798,2059.0
2023-10-21 12:15,3.797,3.799,3.796,3.798,3194.0
2023-10-21 12:16,3.798,3.798,3.797,3.798,1451.0
2023-10-21 12:17,3.797,3.798,3.796,3.798,310.0
2023-10-21 12:18,3.797,3.8,3.797,3.8,7952.0
2023-10-21 12:19,3.801,3.801,3.8,3.8,4489.0
2023-10-21 12:20,3.801,3.802,3.801,3.802,2650.0
2023-10-21 12:21,3.802,3.802,3.801,3.801,620.0
2023-10-21 12:22,3.801,3.801,3.801,3.801,424.0
2023-10-21 12:23,3.801,3.802,3.801,3.802,2522.0
2023-10-21 12:24,3.802,3.802,3.801,3.801,3044.0
2023-10-21 12:25,3.801,3.804,3.801,3.802,3896.0
2023-10-21 12:26,3.802,3.803,3.802,3.803,284.0
2023-10-21 12:27,3.803,3.803,3.803,3.803,353.0
2023-10-21 12:28,3.804,3.805,3.804,3.805,1028.0
2023-10-21 12:29,3.805,3.805,3.803,3.803,425.0
2023-10-21 12:30,3.803,3.808,3.802,3.806,80125.0
2023-10-21 12:31,3.806,3.807,3.805,3.806,5736.0
2023-10-21 12:32,3.807,3.808,3.807,3.808,1627.0
2023-10-21 12:33,3.807,3.808,3.807,3.808,1458.0
2023-10-21 12:34,3.808,3.808,3.807,3.807,183.0
2023-10-21 12:35,3.807,3.809,3.807,3.808,919.0
2023-10-21 12:36,3.808,3.808,3.808,3.808,369.0
2023-10-21 12:37,3.808,3.809,3.808,3.808,1154.0
2023-10-21 12:38,3.808,3.808,3.806,3.807,53244.0
2023-10-21 12:39,3.806,3.809,3.806,3.806,20438.0
2023-10-21 12:40,3.807,3.808,3.806,3.807,75388.0
2023-10-21 12:41,3.808,3.808,3.807,3.808,16883.0
2023-10-21 12:42,3.808,3.81,3.807,3.808,33633.0
2023-10-21 12:43,3.808,3.808,3.807,3.808,14273.0
2023-10-21 12:44,3.809,3.809,3.807,3.808,11040.0
2023-10-21 12:45,3.807,3.808,3.807,3.808,1906.0
2023-10-21 12:46,3.808,3.808,3.803,3.805,68406.0
2023-10-21 12:47,3.805,3.806,3.805,3.806,983.0
2023-10-21 12:48,3.806,3.806,3.798,3.799,67286.0
2023-10-21 12:49,3.798,3.799,3.798,3.799,2689.0
2023-10-21 12:50,3.8,3.8,3.798,3.799,1643.0
2023-10-21 12:51,3.798,3.798,3.792,3.794,65187.0
2023-10-21 12:52,3.795,3.805,3.795,3.801,127700.0
2023-10-21 12:53,3.801,3.801,3.794,3.794,97872.0
2023-10-21 12:54,3.793,3.796,3.793,3.796,4981.0
2023-10-21 12:55,3.796,3.796,3.795,3.795,1075.0
2023-10-21 12:56,3.796,3.796,3.794,3.794,913.0
2023-10-21 12:57,3.795,3.796,3.793,3.793,1877.0
2023-10-21 12:58,3.793,3.793,3.792,3.792,1255.0
2023-10-21 12:59,3.791,3.791,3.79,3.79,1257.0
2023-10-21 13:00,3.791,3.792,3.789,3.79,7393.0
2023-10-21 13:01,3.791,3.791,3.79,3.79,2337.0
2023-10-21 13:02,3.79,3.791,3.79,3.791,3056.0
2023-10-21 13:03,3.792,3.794,3.792,3.794,4527.0
2023-10-21 13:04,3.795,3.795,3.793,3.793,8880.0
2023-10-21 13:05,3.793,3.795,3.793,3.795,17.0
2023-10-21 13:06,3.796,3.797,3.796,3.796,3835.0
2023-10-21 13:07,3.796,3.796,3.795,3.795,1093.0
2023-10-21 13:08,3.794,3.794,3.793,3.793,695.0
2023-10-21 13:09,3.792,3.792,3.786,3.786,17326.0
2023-10-21 13:10,3.785,3.787,3.785,3.786,1028.0
2023-10-21 13:11,3.786,3.786,3.785,3.786,2519.0
2023-10-21 13:12,3.786,3.786,3.783,3.783,2900.0
2023-10-21 13:13,3.783,3.783,3.781,3.783,13941.0
2023-10-21 13:14,3.781,3.782,3.778,3.781,11359.0
2023-10-21 13:15,3.782,3.783,3.781,3.781,1274.0
2023-10-21 13:16,3.781,3.786,3.781,3.786,1156.0
2023-10-21 13:17,3.786,3.79,3.786,3.79,6458.0
2023-10-21 13:18,3.79,3.793,3.79,3.792,1405.0
2023-10-21 13:19,3.792,3.792,3.79,3.79,2581.0
2023-10-21 13:20,3.791,3.794,3.791,3.792,1400.0
2023-10-21 13:21,3.792,3.796,3.791,3.796,959.0
2023-10-21 13:22,3.797,3.797,3.795,3.796,4679.0
2023-10-21 13:23,3.796,3.798,3.796,3.796,3073.0
2023-10-21 13:24,3.795,3.795,3.795,3.795,437.0
2023-10-21 13:25,3.796,3.799,3.796,3.798,2839.0
2023-10-21 13:26,3.797,3.797,3.796,3.796,221.0
2023-10-21 13:27,3.796,3.799,3.796,3.798,12084.0
2023-10-21 13:28,3.799,3.802,3.799,3.8,1830.0
2023-10-21 13:29,3.8,3.8,3.799,3.8,447.0
2023-10-21 13:30,3.802,3.803,3.801,3.801,5720.0
2023-10-21 13:31,3.801,3.801,3.798,3.798,2717.0
2023-10-21 13:32,3.798,3.802,3.798,3.801,3459.0
2023-10-21 13:33,3.8,3.801,3.8,3.801,411.0
2023-10-21 13:34,3.801,3.801,3.8,3.801,683.0
2023-10-21 13:35,3.801,3.802,3.8,3.801,2258.0
2023-10-21 13:36,3.802,3.805,3.802,3.805,9165.0
2023-10-21 13:37,3.805,3.806,3.805,3.806,7641.0
2023-10-21 13:38,3.805,3.81,3.805,3.81,11128.0
2023-10-21 13:39,3.81,3.812,3.809,3.81,5796.0
2023-10-21 13:40,3.81,3.81,3.806,3.806,14601.0
2023-10-21 13:41,3.806,3.807,3.806,3.806,462.0
2023-10-21 13:42,3.807,3.81,3.807,3.81,6243.0
2023-10-21 13:43,3.811,3.812,3.81,3.81,7339.0
2023-10-21 13:44,3.81,3.811,3.809,3.81,3480.0
2023-10-21 13:45,3.811,3.811,3.809,3.809,9878.0
2023-10-21 13:46,3.808,3.808,3.807,3.807,1868.0
2023-10-21 13:47,3.807,3.807,3.805,3.807,1576.0
2023-10-21 13:48,3.807,3.811,3.807,3.811,2372.0
2023-10-21 13:49,3.811,3.812,3.811,3.812,3938.0
2023-10-21 13:50,3.812,3.817,3.812,3.815,5982.0
2023-10-21 13:51,3.816,3.819,3.814,3.818,4132.0
2023-10-21 13:52,3.818,3.823,3.818,3.82,23258.0
2023-10-21 13:53,3.82,3.825,3.82,3.825,10341.0
2023-10-21 13:54,3.824,3.824,3.822,3.823,9510.0
2023-10-21 13:55,3.823,3.826,3.823,3.823,7769.0
2023-10-21 13:56,3.824,3.826,3.823,3.824,1523.0
2023-10-21 13:57,3.825,3.825,3.821,3.822,1560.0
2023-10-21 13:58,3.822,3.825,3.822,3.825,3022.0
2023-10-21 13:59,3.825,3.826,3.824,3.825,1665.0
2023-10-21 14:00,3.825,3.826,3.824,3.826,8507.0
2023-10-21 14:01,3.825,3.825,3.822,3.823,3058.0
2023-10-21 14:02,3.821,3.821,3.817,3.82,7500.0
2023-10-21 14:03,3.82,3.822,3.819,3.819,3495.0
2023-10-21 14:04,3.818,3.822,3.818,3.822,5087.0
2023-10-21 14:05,3.821,3.825,3.82,3.823,3312.0
2023-10-21 14:06,3.823,3.825,3.822,3.822,1300.0
2023-10-21 14:07,3.821,3.824,3.821,3.824,3044.0
2023-10-21 14:08,3.824,3.827,3.823,3.825,8081.0
2023-10-21 14:09,3.825,3.827,3.825,3.825,1509.0
2023-10-21 14:10,3.825,3.827,3.824,3.826,2518.0
2023-10-21 14:11,3.826,3.833,3.826,3.83,28112.0
2023-10-21 14:12,3.83,3.844,3.83,3.842,63657.0
2023-10-21 14:13,3.843,3.844,3.838,3.838,16797.0
2023-10-21 14:14,3.838,3.845,3.838,3.842,11842.0
2023-10-21 14:15,3.843,3.843,3.841,3.843,9116.0
2023-10-21 14:16,3.842,3.847,3.84,3.845,65610.0
2023-10-21 14:17,3.846,3.849,3.844,3.848,15378.0
2023-10-21 14:18,3.847,3.849,3.845,3.849,7023.0
2023-10-21 14:19,3.849,3.851,3.846,3.848,33619.0
2023-10-21 14:20,3.848,3.85,3.847,3.848,4277.0
2023-10-21 14:21,3.848,3.849,3.844,3.845,15491.0
2023-10-21 14:22,3.844,3.847,3.843,3.844,8386.0
2023-10-21 14:23,3.845,3.85,3.845,3.85,13111.0
2023-10-21 14:24,3.85,3.856,3.849,3.854,12599.0
2023-10-21 14:25,3.855,3.859,3.854,3.858,24982.0
2023-10-21 14:26,3.857,3.861,3.854,3.861,39771.0
2023-10-21 14:27,3.861,3.869,3.854,3.869,111130.0
2023-10-21 14:28,3.869,3.873,3.864,3.871,127286.0
2023-10-21 14:29,3.87,3.874,3.868,3.873,13604.0
2023-10-21 14:30,3.873,3.874,3.866,3.866,27735.0
2023-10-21 14:31,3.865,3.866,3.855,3.856,67167.0
2023-10-21 14:32,3.856,3.858,3.855,3.856,3387.0
2023-10-21 14:33,3.857,3.857,3.849,3.85,11768.0
2023-10-21 14:34,3.85,3.852,3.839,3.841,94159.0
2023-10-21 14:35,3.841,3.849,3.84,3.849,20422.0
2023-10-21 14:36,3.85,3.854,3.85,3.854,5347.0
2023-10-21 14:37,3.854,3.855,3.851,3.853,7417.0
2023-10-21 14:38,3.852,3.853,3.846,3.846,8961.0
2023-10-21 14:39,3.846,3.852,3.846,3.85,7495.0
2023-10-21 14:40,3.851,3.855,3.851,3.854,4363.0
2023-10-21 14:41,3.853,3.856,3.853,3.856,2872.0
2023-10-21 14:42,3.857,3.858,3.854,3.855,1057.0
2023-10-21 14:43,3.854,3.854,3.85,3.853,2507.0
2023-10-21 14:44,3.853,3.859,3.853,3.855,8870.0
2023-10-21 14:45,3.858,3.861,3.854,3.86,5013.0
2023-10-21 14:46,3.86,3.863,3.857,3.857,11256.0
2023-10-21 14:47,3.857,3.87,3.857,3.867,67492.0
2023-10-21 14:48,3.868,3.869,3.863,3.863,6632.0
2023-10-21 14:49,3.863,3.864,3.861,3.863,5230.0
2023-10-21 14:50,3.864,3.866,3.862,3.862,4705.0
2023-10-21 14:51,3.862,3.863,3.86,3.862,3548.0
2023-10-21 14:52,3.862,3.864,3.859,3.861,9063.0
2023-10-21 14:53,3.86,3.864,3.86,3.864,2896.0
2023-10-21 14:54,3.864,3.868,3.864,3.867,6795.0
2023-10-21 14:55,3.866,3.866,3.863,3.864,1420.0
2023-10-21 14:56,3.865,3.865,3.861,3.861,5670.0
2023-10-21 14:57,3.861,3.864,3.861,3.864,2514.0
2023-10-21 14:58,3.863,3.863,3.862,3.862,1664.0
2023-10-21 14:59,3.862,3.863,3.86,3.86,9121.0
2023-10-21 15:00,3.861,3.871,3.861,3.87,45542.0
2023-10-21 15:01,3.869,3.87,3.867,3.869,13990.0
2023-10-21 15:02,3.869,3.873,3.869,3.873,11173.0
2023-10-21 15:03,3.872,3.873,3.871,3.871,9441.0
2023-10-21 15:04,3.871,3.873,3.861,3.865,92718.0
2023-10-21 15:05,3.866,3.873,3.865,3.871,76201.0
2023-10-21 15:06,3.871,3.871,3.864,3.864,16837.0
2023-10-21 15:07,3.864,3.867,3.864,3.866,1289.0
2023-10-21 15:08,3.866,3.868,3.864,3.864,2155.0
2023-10-21 15:09,3.862,3.864,3.855,3.857,10711.0
2023-10-21 15:10,3.856,3.858,3.852,3.857,18513.0
2023-10-21 15:11,3.858,3.86,3.858,3.86,342.0
